{"type":"FeatureCollection","source":"Camino / limites des 111 quartiers de Marseille","features":[{"type":"Feature","properties":{"name":"SAINT-JEAN-DU-DESERT","slug":"saint-jean-du-desert","arrondissement":12,"center":[5.422397,43.295214]},"geometry":{"type":"Polygon","coordinates":[[[5.428438,43.299137],[5.429515,43.29896],[5.429816,43.298978],[5.42975,43.2989],[5.42971,43.298491],[5.429488,43.298295],[5.430617,43.297217],[5.431017,43.297423],[5.431005,43.297478],[5.432342,43.297804],[5.432574,43.297786],[5.432616,43.297995],[5.43299,43.297971],[5.433305,43.297778],[5.433352,43.297555],[5.434109,43.29731],[5.434269,43.297325],[5.434378,43.297168],[5.433841,43.296649],[5.433421,43.295897],[5.433283,43.29499],[5.433182,43.294722],[5.433225,43.294607],[5.432109,43.294124],[5.431466,43.293969],[5.430639,43.293968],[5.429765,43.293805],[5.428424,43.293754],[5.427139,43.293806],[5.426659,43.293968],[5.426136,43.29404],[5.425822,43.293895],[5.4253,43.293823],[5.424939,43.293265],[5.424874,43.292681],[5.425985,43.291267],[5.426342,43.290913],[5.426401,43.290753],[5.426341,43.289912],[5.424858,43.290449],[5.423792,43.290622],[5.422605,43.290623],[5.421595,43.2905],[5.419126,43.290533],[5.418539,43.290687],[5.416544,43.291444],[5.414918,43.291697],[5.414967,43.292542],[5.41552,43.292514],[5.415593,43.292653],[5.415599,43.293472],[5.413908,43.294006],[5.413734,43.293968],[5.413315,43.294145],[5.4134,43.294164],[5.411267,43.294795],[5.409245,43.295486],[5.408778,43.29549],[5.408749,43.295649],[5.409097,43.295986],[5.40932,43.295998],[5.409383,43.296207],[5.412442,43.296499],[5.41701,43.297252],[5.417057,43.297377],[5.416651,43.29807],[5.416767,43.298325],[5.417035,43.298134],[5.417297,43.298078],[5.418527,43.298198],[5.42109,43.298841],[5.421713,43.298888],[5.421736,43.29943],[5.423758,43.299471],[5.423747,43.299284],[5.424391,43.299109],[5.424526,43.299126],[5.424573,43.299318],[5.424786,43.299303],[5.424822,43.299396],[5.425363,43.29932],[5.425784,43.299466],[5.426549,43.299409],[5.427197,43.299452],[5.428148,43.299205],[5.428438,43.299137]]]}},{"type":"Feature","properties":{"name":"SAINT-JULIEN","slug":"saint-julien","arrondissement":12,"center":[5.442077,43.31319]},"geometry":{"type":"Polygon","coordinates":[[[5.437576,43.317007],[5.438728,43.317691],[5.439223,43.318226],[5.439394,43.318509],[5.439538,43.318545],[5.439739,43.3188],[5.440166,43.319109],[5.440378,43.319163],[5.44074,43.319033],[5.441135,43.319087],[5.442987,43.31961],[5.443399,43.319776],[5.443865,43.320112],[5.44506,43.320502],[5.445137,43.320598],[5.445165,43.320916],[5.445274,43.321007],[5.445814,43.321146],[5.44651,43.321216],[5.447228,43.321451],[5.447854,43.321305],[5.448397,43.321721],[5.449135,43.320837],[5.449194,43.320662],[5.449097,43.320497],[5.451288,43.319529],[5.452609,43.31833],[5.452851,43.318362],[5.453333,43.31813],[5.453437,43.318115],[5.453508,43.318188],[5.45343,43.318076],[5.454273,43.317888],[5.454302,43.317948],[5.454877,43.317722],[5.454179,43.317196],[5.454076,43.317055],[5.454238,43.316941],[5.454075,43.316807],[5.455399,43.315623],[5.454831,43.315373],[5.454513,43.315139],[5.454301,43.314899],[5.45419,43.314646],[5.454094,43.312763],[5.453999,43.312249],[5.454185,43.311498],[5.45394,43.311519],[5.453733,43.310395],[5.453436,43.310101],[5.453373,43.309795],[5.45353,43.309101],[5.453708,43.308859],[5.453392,43.308576],[5.453291,43.308355],[5.452563,43.309115],[5.451487,43.309476],[5.451394,43.309718],[5.451566,43.31047],[5.451536,43.31062],[5.451424,43.31076],[5.451051,43.310853],[5.449942,43.310712],[5.449479,43.310736],[5.448497,43.310636],[5.447349,43.310658],[5.446386,43.310486],[5.444499,43.310892],[5.443602,43.310925],[5.443347,43.310708],[5.44323,43.310225],[5.443333,43.309537],[5.443191,43.308986],[5.44321,43.307854],[5.443545,43.307135],[5.443627,43.30621],[5.44315,43.305458],[5.442353,43.30479],[5.442202,43.304995],[5.441855,43.304967],[5.441392,43.305204],[5.441166,43.305202],[5.440981,43.305398],[5.440628,43.305305],[5.440792,43.304817],[5.439171,43.304772],[5.437951,43.304907],[5.438286,43.306162],[5.438321,43.306559],[5.436479,43.308395],[5.434091,43.308012],[5.43064,43.307971],[5.42883,43.307762],[5.427655,43.307877],[5.426358,43.307798],[5.425449,43.307546],[5.42544,43.308275],[5.425839,43.30864],[5.427034,43.310083],[5.42809,43.31094],[5.428254,43.31123],[5.428282,43.31147],[5.428454,43.311456],[5.429336,43.311804],[5.430236,43.312272],[5.432642,43.314399],[5.436411,43.316783],[5.43661,43.31688],[5.437522,43.316968],[5.437576,43.317007]]]}},{"type":"Feature","properties":{"name":"LES TROIS LUCS","slug":"les-trois-lucs","arrondissement":12,"center":[5.465206,43.310321]},"geometry":{"type":"Polygon","coordinates":[[[5.460197,43.31764],[5.461271,43.317934],[5.462315,43.318455],[5.46349,43.318909],[5.462657,43.319267],[5.463083,43.320301],[5.464754,43.320337],[5.464151,43.32146],[5.463899,43.321716],[5.465818,43.322679],[5.466613,43.322999],[5.468178,43.321598],[5.469351,43.320759],[5.469212,43.320563],[5.470058,43.320172],[5.470808,43.319917],[5.470687,43.319691],[5.47085,43.319718],[5.470982,43.318859],[5.471395,43.317947],[5.471364,43.3177],[5.471882,43.31714],[5.472173,43.31696],[5.473217,43.316509],[5.474526,43.315782],[5.474873,43.315355],[5.475101,43.314776],[5.475119,43.314682],[5.47438,43.314855],[5.473624,43.314906],[5.473169,43.314866],[5.472206,43.314597],[5.471177,43.314565],[5.471388,43.314167],[5.471325,43.314058],[5.471571,43.313629],[5.471532,43.313473],[5.472142,43.312458],[5.472111,43.312055],[5.472578,43.312076],[5.473305,43.311904],[5.474275,43.310922],[5.474537,43.3108],[5.475028,43.310315],[5.475403,43.310513],[5.476504,43.309454],[5.476545,43.30928],[5.476678,43.30913],[5.476595,43.308696],[5.476759,43.308518],[5.476842,43.308219],[5.476395,43.307766],[5.475977,43.307898],[5.475902,43.307999],[5.475663,43.308093],[5.475525,43.308079],[5.47547,43.307956],[5.4758,43.307468],[5.476106,43.30674],[5.476219,43.306127],[5.475878,43.305202],[5.475621,43.305049],[5.473875,43.304488],[5.474229,43.304045],[5.475362,43.302908],[5.475742,43.302351],[5.476898,43.30174],[5.477067,43.300667],[5.476964,43.300358],[5.476675,43.300132],[5.47643,43.300068],[5.474038,43.299997],[5.473481,43.299629],[5.473341,43.299607],[5.471744,43.299949],[5.470684,43.299689],[5.469776,43.299692],[5.469164,43.300055],[5.468699,43.300172],[5.467423,43.300746],[5.46688,43.30108],[5.465961,43.301195],[5.464101,43.30115],[5.46369,43.30129],[5.46348,43.301489],[5.462748,43.301841],[5.462541,43.301814],[5.461838,43.301434],[5.460691,43.301693],[5.457575,43.301424],[5.4572,43.301666],[5.457095,43.30198],[5.457105,43.302873],[5.456906,43.302986],[5.456105,43.303028],[5.456155,43.303251],[5.457223,43.304282],[5.457892,43.304658],[5.458682,43.304916],[5.459858,43.30494],[5.459972,43.30548],[5.460347,43.306078],[5.459884,43.306316],[5.459809,43.306521],[5.459223,43.306443],[5.458726,43.306012],[5.458387,43.305976],[5.457182,43.306824],[5.456621,43.306854],[5.456061,43.307523],[5.455748,43.307619],[5.455542,43.307816],[5.454853,43.307957],[5.454477,43.30796],[5.453291,43.308355],[5.453392,43.308576],[5.453708,43.308859],[5.45353,43.309101],[5.453366,43.30968],[5.453418,43.310065],[5.453733,43.310395],[5.45394,43.311519],[5.454185,43.311498],[5.453999,43.312249],[5.454094,43.312763],[5.45419,43.314646],[5.454301,43.314899],[5.454513,43.315139],[5.454831,43.315373],[5.455399,43.315623],[5.454075,43.316807],[5.454238,43.316941],[5.454076,43.317055],[5.454179,43.317196],[5.454877,43.317722],[5.454302,43.317948],[5.454273,43.317888],[5.45343,43.318076],[5.453679,43.318508],[5.454139,43.318408],[5.454748,43.319178],[5.454618,43.319246],[5.45486,43.319447],[5.454979,43.31975],[5.455167,43.319635],[5.455309,43.319843],[5.455664,43.319565],[5.456948,43.320132],[5.457246,43.319928],[5.458669,43.318511],[5.459394,43.318026],[5.459518,43.317981],[5.459928,43.318058],[5.459974,43.317986],[5.460197,43.31764]]]}},{"type":"Feature","properties":{"name":"LA CROIX ROUGE","slug":"la-croix-rouge","arrondissement":13,"center":[5.445285,43.335927]},"geometry":{"type":"Polygon","coordinates":[[[5.452255,43.336814],[5.452916,43.336726],[5.45289,43.336638],[5.453262,43.336563],[5.454087,43.336032],[5.454569,43.335897],[5.454628,43.335936],[5.455034,43.335712],[5.454805,43.335592],[5.455827,43.334301],[5.457043,43.333021],[5.456742,43.33307],[5.456489,43.333225],[5.455058,43.332257],[5.455291,43.332023],[5.454108,43.331481],[5.453703,43.33139],[5.453736,43.331193],[5.453577,43.331236],[5.451879,43.330186],[5.45124,43.33081],[5.450889,43.33041],[5.450314,43.330553],[5.450057,43.330435],[5.44955,43.330977],[5.449309,43.3309],[5.448903,43.331072],[5.448672,43.330792],[5.448148,43.330929],[5.447861,43.331275],[5.447852,43.331505],[5.44816,43.332055],[5.447866,43.333409],[5.447459,43.333757],[5.447006,43.333875],[5.446655,43.333856],[5.445637,43.333495],[5.445309,43.333609],[5.444733,43.333499],[5.444124,43.333717],[5.44392,43.333669],[5.443387,43.333749],[5.442696,43.33367],[5.442472,43.333787],[5.441939,43.333803],[5.441569,43.333639],[5.441276,43.332624],[5.441171,43.332526],[5.440951,43.332521],[5.440561,43.33238],[5.439588,43.332596],[5.438776,43.332634],[5.438066,43.332509],[5.437115,43.332156],[5.436851,43.33196],[5.43648,43.331871],[5.436277,43.331712],[5.435065,43.331648],[5.434437,43.331503],[5.434293,43.332006],[5.435178,43.332498],[5.436029,43.332837],[5.438076,43.333214],[5.437688,43.334434],[5.437459,43.334409],[5.43726,43.334282],[5.436037,43.334278],[5.435248,43.334425],[5.434343,43.334464],[5.433207,43.335181],[5.435427,43.337299],[5.436578,43.338187],[5.437228,43.338801],[5.438004,43.338942],[5.438144,43.339079],[5.438081,43.339202],[5.438384,43.339133],[5.440073,43.339177],[5.441179,43.339527],[5.441534,43.339756],[5.442212,43.340535],[5.44233,43.340867],[5.442853,43.341057],[5.445663,43.34305],[5.445868,43.342992],[5.446168,43.342552],[5.446618,43.341573],[5.446383,43.3412],[5.446968,43.340818],[5.447948,43.340442],[5.44835,43.339871],[5.448868,43.339564],[5.44894,43.339412],[5.448954,43.338674],[5.449936,43.338468],[5.45011,43.338682],[5.450232,43.339109],[5.451511,43.338099],[5.452351,43.337794],[5.452201,43.337116],[5.452223,43.336865],[5.452255,43.336814]]]}},{"type":"Feature","properties":{"name":"LES MOURETS","slug":"les-mourets","arrondissement":13,"center":[5.422854,43.366961]},"geometry":{"type":"Polygon","coordinates":[[[5.430843,43.369531],[5.430717,43.369467],[5.430612,43.369273],[5.430641,43.368907],[5.433116,43.363737],[5.433253,43.363104],[5.433701,43.362408],[5.433958,43.362525],[5.435566,43.361295],[5.43552,43.360292],[5.435272,43.359508],[5.4347,43.358755],[5.43428,43.357916],[5.434354,43.357576],[5.434298,43.356586],[5.434012,43.356401],[5.43268,43.357248],[5.431719,43.356386],[5.430521,43.355651],[5.431387,43.353695],[5.430893,43.353362],[5.430597,43.35373],[5.430203,43.35394],[5.42942,43.353966],[5.428196,43.354464],[5.427262,43.354348],[5.426879,43.354506],[5.426229,43.355015],[5.425638,43.355249],[5.42522,43.355544],[5.42286,43.356469],[5.422571,43.35597],[5.422197,43.35551],[5.421214,43.354985],[5.421249,43.354703],[5.42093,43.354251],[5.420516,43.354078],[5.419659,43.353891],[5.418146,43.353331],[5.416571,43.352498],[5.416213,43.352672],[5.415675,43.353395],[5.414916,43.354696],[5.414701,43.355494],[5.414774,43.356283],[5.414339,43.357258],[5.412608,43.360064],[5.412056,43.360595],[5.412191,43.360942],[5.412593,43.361427],[5.412858,43.362094],[5.41355,43.362804],[5.413821,43.363781],[5.41382,43.364004],[5.41367,43.364421],[5.413906,43.366046],[5.413798,43.36784],[5.414011,43.368832],[5.414001,43.36956],[5.413529,43.37086],[5.413208,43.372695],[5.413219,43.373135],[5.412994,43.374565],[5.413082,43.374722],[5.413039,43.374861],[5.413122,43.375339],[5.413176,43.375546],[5.413547,43.375979],[5.4145,43.376865],[5.414671,43.3771],[5.414747,43.377783],[5.415376,43.378739],[5.423145,43.382742],[5.424535,43.383306],[5.42465,43.383424],[5.425038,43.383289],[5.425455,43.38341],[5.426051,43.383388],[5.428141,43.378967],[5.428525,43.376745],[5.428479,43.376458],[5.428676,43.375873],[5.428769,43.375323],[5.429061,43.374888],[5.429368,43.374601],[5.42947,43.374579],[5.42979,43.373992],[5.430556,43.37347],[5.430575,43.373381],[5.431362,43.372859],[5.43154,43.372828],[5.43195,43.371903],[5.432445,43.371447],[5.432671,43.371116],[5.432639,43.371027],[5.43176,43.370822],[5.4312,43.370485],[5.431113,43.370347],[5.431085,43.369944],[5.430973,43.369693],[5.430843,43.369531]]]}},{"type":"Feature","properties":{"name":"BON-SECOURS","slug":"bon-secours","arrondissement":14,"center":[5.38543,43.321077]},"geometry":{"type":"Polygon","coordinates":[[[5.389866,43.317381],[5.38794,43.314957],[5.382373,43.316691],[5.379075,43.318867],[5.380318,43.319772],[5.380452,43.320022],[5.380528,43.32046],[5.380528,43.320742],[5.380388,43.321104],[5.38043,43.321327],[5.382065,43.324015],[5.38258,43.324622],[5.382666,43.324853],[5.382828,43.324915],[5.384043,43.326595],[5.3848,43.327885],[5.385334,43.327727],[5.385864,43.328047],[5.386826,43.328425],[5.387306,43.328592],[5.387796,43.328634],[5.387664,43.327202],[5.387779,43.32649],[5.388597,43.324131],[5.389298,43.323322],[5.389436,43.322496],[5.389364,43.321876],[5.389428,43.321685],[5.39006,43.320918],[5.389975,43.319671],[5.390254,43.318965],[5.390314,43.318197],[5.389954,43.317514],[5.389866,43.317381]]]}},{"type":"Feature","properties":{"name":"LA JOLIETTE","slug":"la-joliette","arrondissement":2,"center":[5.36641,43.303953]},"geometry":{"type":"Polygon","coordinates":[[[5.368539,43.302669],[5.367529,43.302887],[5.366108,43.29871],[5.364772,43.298882],[5.364614,43.298521],[5.36438,43.298403],[5.363004,43.296881],[5.362817,43.296769],[5.362702,43.296835],[5.362589,43.296494],[5.361664,43.296045],[5.361202,43.296047],[5.360959,43.295662],[5.361247,43.295393],[5.361095,43.295307],[5.360811,43.295416],[5.360546,43.295685],[5.358619,43.298065],[5.358755,43.298128],[5.358971,43.297976],[5.359218,43.298013],[5.359621,43.297574],[5.362437,43.298836],[5.362126,43.299204],[5.362491,43.299382],[5.361161,43.300967],[5.361318,43.301471],[5.363696,43.30254],[5.363187,43.30314],[5.361949,43.302593],[5.361547,43.303069],[5.364316,43.30432],[5.364174,43.30451],[5.364274,43.304837],[5.362211,43.305161],[5.362164,43.305216],[5.362218,43.305392],[5.362655,43.305326],[5.362739,43.305611],[5.36294,43.305658],[5.36545,43.305262],[5.365864,43.306633],[5.366093,43.306994],[5.366758,43.309424],[5.366967,43.309697],[5.367311,43.310857],[5.36737,43.31138],[5.367246,43.311932],[5.368787,43.312401],[5.372813,43.305257],[5.37265,43.305141],[5.372179,43.305344],[5.371262,43.304485],[5.370686,43.303755],[5.369839,43.302919],[5.369781,43.302408],[5.368595,43.302657],[5.368539,43.302669]]]}},{"type":"Feature","properties":{"name":"CHUTES-LAVIE","slug":"chutes-lavie","arrondissement":4,"center":[5.396612,43.312283]},"geometry":{"type":"Polygon","coordinates":[[[5.396613,43.308279],[5.396278,43.308104],[5.395696,43.307366],[5.395474,43.307183],[5.394698,43.306653],[5.393439,43.305947],[5.392654,43.306912],[5.391883,43.308418],[5.391792,43.308781],[5.390501,43.309395],[5.391531,43.309895],[5.391931,43.310234],[5.392756,43.311874],[5.393098,43.313004],[5.393219,43.313686],[5.393259,43.315239],[5.393184,43.316409],[5.397688,43.316997],[5.398952,43.316988],[5.399178,43.316941],[5.398989,43.316584],[5.399851,43.316367],[5.403433,43.314854],[5.402278,43.313301],[5.401328,43.312268],[5.400775,43.310969],[5.400388,43.310889],[5.399887,43.310473],[5.398076,43.309479],[5.396688,43.308319],[5.396613,43.308279]]]}},{"type":"Feature","properties":{"name":"SAINT-PIERRE","slug":"saint-pierre","arrondissement":5,"center":[5.407382,43.293398]},"geometry":{"type":"Polygon","coordinates":[[[5.401751,43.292132],[5.4013,43.29223],[5.401073,43.292207],[5.400952,43.292277],[5.401201,43.292596],[5.40148,43.293317],[5.40153,43.293537],[5.401393,43.29363],[5.401382,43.293722],[5.40152,43.293869],[5.401316,43.294369],[5.400384,43.295465],[5.400244,43.295768],[5.400314,43.295804],[5.405619,43.296098],[5.406208,43.296235],[5.406741,43.295508],[5.407291,43.295597],[5.407299,43.295741],[5.407809,43.295967],[5.408749,43.295649],[5.408778,43.29549],[5.409245,43.295486],[5.411267,43.294795],[5.4134,43.294164],[5.413315,43.294145],[5.413734,43.293968],[5.413908,43.294006],[5.415599,43.293472],[5.415593,43.292653],[5.41552,43.292514],[5.414967,43.292542],[5.414918,43.291697],[5.410217,43.291549],[5.410229,43.291166],[5.408779,43.291108],[5.407811,43.290908],[5.407185,43.291431],[5.406632,43.291127],[5.406792,43.290016],[5.406093,43.290346],[5.404672,43.290737],[5.404167,43.290984],[5.403425,43.291617],[5.402066,43.29203],[5.401751,43.292132]]]}},{"type":"Feature","properties":{"name":"PALAIS-DE-JUSTICE","slug":"palais-de-justice","arrondissement":6,"center":[5.37435,43.288916]},"geometry":{"type":"Polygon","coordinates":[[[5.373219,43.286657],[5.373281,43.286517],[5.372649,43.286375],[5.372921,43.285731],[5.372244,43.285468],[5.37208,43.285681],[5.371752,43.285916],[5.37159,43.285895],[5.371169,43.28561],[5.371012,43.285613],[5.370501,43.286097],[5.37023,43.286132],[5.370119,43.286354],[5.370015,43.286934],[5.370141,43.287867],[5.37051,43.288599],[5.370953,43.28917],[5.371182,43.289668],[5.371573,43.289568],[5.371598,43.290005],[5.371805,43.290437],[5.372071,43.29072],[5.372011,43.290788],[5.372044,43.290906],[5.372369,43.291057],[5.377288,43.292216],[5.379086,43.287972],[5.373461,43.286707],[5.373219,43.286657]]]}},{"type":"Feature","properties":{"name":"VAUBAN","slug":"vauban","arrondissement":6,"center":[5.376071,43.283497]},"geometry":{"type":"Polygon","coordinates":[[[5.378397,43.28095],[5.378394,43.280155],[5.378548,43.279987],[5.377909,43.280042],[5.377499,43.279527],[5.377056,43.279558],[5.376479,43.279191],[5.375634,43.279221],[5.375635,43.279601],[5.374755,43.279309],[5.374647,43.279454],[5.374885,43.279755],[5.374645,43.279847],[5.374527,43.279713],[5.374193,43.279622],[5.374037,43.279349],[5.373817,43.279195],[5.373197,43.279372],[5.372983,43.279549],[5.372852,43.279809],[5.372939,43.279845],[5.372832,43.280035],[5.372866,43.280518],[5.372267,43.280378],[5.372153,43.280418],[5.372447,43.281102],[5.372155,43.281333],[5.371679,43.282149],[5.371816,43.28219],[5.371696,43.282472],[5.37152,43.282863],[5.371305,43.283013],[5.371362,43.283381],[5.370878,43.283772],[5.370329,43.28386],[5.370415,43.284091],[5.370715,43.284414],[5.371124,43.284509],[5.370612,43.285038],[5.37081,43.285059],[5.37023,43.286132],[5.370501,43.286097],[5.371048,43.285601],[5.371212,43.28563],[5.37159,43.285895],[5.371752,43.285916],[5.37208,43.285681],[5.372244,43.285468],[5.372921,43.285731],[5.372649,43.286375],[5.373281,43.286517],[5.373219,43.286657],[5.379086,43.287972],[5.381773,43.281626],[5.381165,43.281512],[5.37986,43.281452],[5.379767,43.281281],[5.379604,43.281182],[5.379546,43.280945],[5.379654,43.280909],[5.379684,43.280591],[5.378945,43.280596],[5.378786,43.280973],[5.378576,43.281082],[5.378485,43.280977],[5.378397,43.28095]]]}},{"type":"Feature","properties":{"name":"BOMPARD","slug":"bompard","arrondissement":7,"center":[5.361448,43.280623]},"geometry":{"type":"Polygon","coordinates":[[[5.362978,43.278419],[5.361907,43.277409],[5.361465,43.276625],[5.36091,43.27598],[5.360657,43.275756],[5.360028,43.275433],[5.35993,43.275213],[5.359844,43.27531],[5.359598,43.275279],[5.359332,43.275385],[5.359257,43.275352],[5.359178,43.275433],[5.359175,43.275273],[5.358905,43.275347],[5.358843,43.275506],[5.358916,43.275564],[5.358895,43.275688],[5.35821,43.276312],[5.3579,43.276352],[5.357617,43.276531],[5.357287,43.276592],[5.357164,43.2767],[5.357149,43.276818],[5.356868,43.277006],[5.356592,43.277078],[5.35634,43.277262],[5.355988,43.277308],[5.35596,43.277422],[5.355778,43.277522],[5.355449,43.277551],[5.354913,43.278028],[5.354555,43.278231],[5.355878,43.278655],[5.356284,43.278908],[5.356775,43.279462],[5.357699,43.280029],[5.358143,43.280386],[5.35822,43.280868],[5.358861,43.281656],[5.358596,43.282257],[5.357319,43.283925],[5.359967,43.285075],[5.362317,43.284493],[5.363401,43.283606],[5.363386,43.283884],[5.3637,43.283944],[5.364643,43.283754],[5.364907,43.283234],[5.365262,43.283381],[5.365432,43.283255],[5.365912,43.283314],[5.366076,43.283458],[5.366056,43.28375],[5.36619,43.283874],[5.366599,43.28373],[5.366618,43.284292],[5.367481,43.284209],[5.367435,43.283981],[5.367534,43.283628],[5.36786,43.2831],[5.368134,43.282848],[5.368165,43.28268],[5.368021,43.282436],[5.367591,43.282052],[5.367552,43.281932],[5.367619,43.281819],[5.368175,43.281492],[5.368829,43.28149],[5.368995,43.281416],[5.368882,43.280889],[5.368925,43.280517],[5.368697,43.280354],[5.368278,43.280722],[5.367994,43.280849],[5.367199,43.280943],[5.366925,43.280885],[5.365015,43.279911],[5.363695,43.279713],[5.36353,43.279633],[5.363044,43.278492],[5.362978,43.278419]]]}},{"type":"Feature","properties":{"name":"LE PHARO","slug":"le-pharo","arrondissement":7,"center":[5.358463,43.291456]},"geometry":{"type":"MultiPolygon","coordinates":[[[[5.354119,43.294638],[5.354091,43.294587],[5.354076,43.294642],[5.354119,43.294638]]],[[[5.359556,43.288686],[5.356277,43.288175],[5.356087,43.288356],[5.355749,43.288314],[5.354303,43.287933],[5.354334,43.287775],[5.353829,43.287534],[5.353077,43.288369],[5.352832,43.288527],[5.353026,43.288668],[5.353197,43.288626],[5.353447,43.288682],[5.353556,43.28874],[5.353491,43.28883],[5.353689,43.288941],[5.353949,43.288975],[5.354048,43.289153],[5.354253,43.28915],[5.354293,43.289253],[5.354752,43.289442],[5.354796,43.29014],[5.354577,43.29011],[5.354515,43.290165],[5.35479,43.29019],[5.354784,43.290281],[5.354905,43.29033],[5.355023,43.290226],[5.355132,43.290446],[5.355187,43.290921],[5.355131,43.291105],[5.354549,43.291271],[5.354372,43.291574],[5.353629,43.291384],[5.353494,43.291548],[5.353647,43.291957],[5.353369,43.29224],[5.353635,43.29229],[5.353408,43.292501],[5.353529,43.292646],[5.353451,43.292745],[5.353689,43.293021],[5.353755,43.293235],[5.354359,43.293666],[5.354411,43.293908],[5.354311,43.294065],[5.354536,43.294206],[5.354381,43.294463],[5.354208,43.294599],[5.354369,43.294618],[5.354808,43.294868],[5.354979,43.294788],[5.3551,43.29486],[5.355114,43.295048],[5.355472,43.295287],[5.355851,43.295327],[5.356071,43.295227],[5.356033,43.295133],[5.355844,43.295038],[5.355799,43.294386],[5.356107,43.294267],[5.356908,43.294251],[5.357177,43.294397],[5.357283,43.294725],[5.357837,43.295202],[5.358537,43.295039],[5.359141,43.294796],[5.359263,43.294566],[5.359438,43.29449],[5.359769,43.294161],[5.360481,43.294202],[5.361288,43.2941],[5.36117,43.294042],[5.360266,43.294086],[5.360244,43.293877],[5.361355,43.292994],[5.361444,43.292762],[5.361828,43.292866],[5.361785,43.292925],[5.361898,43.29302],[5.361846,43.293094],[5.362057,43.293183],[5.361963,43.293277],[5.362161,43.293747],[5.361502,43.293812],[5.361512,43.293895],[5.36229,43.293852],[5.363012,43.293912],[5.363052,43.293684],[5.363193,43.293671],[5.363383,43.293343],[5.363562,43.293346],[5.36357,43.293468],[5.363931,43.293475],[5.364005,43.292893],[5.364089,43.292719],[5.363936,43.292561],[5.363716,43.291462],[5.363435,43.291316],[5.364058,43.289443],[5.359846,43.288742],[5.359556,43.288686]]]]}},{"type":"Feature","properties":{"name":"LA PLAGE","slug":"la-plage","arrondissement":8,"center":[5.374815,43.265355]},"geometry":{"type":"MultiPolygon","coordinates":[[[[5.370283,43.261354],[5.370303,43.261233],[5.370145,43.261145],[5.369976,43.261182],[5.369907,43.26129],[5.369966,43.26262],[5.370045,43.262712],[5.370298,43.262699],[5.370361,43.262616],[5.370287,43.262503],[5.370268,43.261377],[5.370283,43.261354]]],[[[5.368497,43.268848],[5.369552,43.268909],[5.370593,43.268592],[5.371096,43.268344],[5.371951,43.267634],[5.372615,43.26782],[5.372592,43.268542],[5.37254,43.268615],[5.372595,43.269666],[5.372321,43.270185],[5.372234,43.270577],[5.372435,43.271479],[5.372653,43.272065],[5.372673,43.272487],[5.374662,43.271439],[5.376101,43.270528],[5.376447,43.270724],[5.377648,43.269989],[5.378126,43.26942],[5.379324,43.2685],[5.378934,43.267651],[5.37903,43.26753],[5.379047,43.26733],[5.378804,43.26687],[5.378888,43.266464],[5.379296,43.265772],[5.379312,43.265628],[5.379485,43.26559],[5.380029,43.265253],[5.380597,43.264749],[5.381354,43.263499],[5.381458,43.263232],[5.381419,43.263104],[5.381892,43.262385],[5.380069,43.2619],[5.377553,43.260982],[5.376775,43.260992],[5.376256,43.260924],[5.374892,43.260327],[5.374025,43.259829],[5.373864,43.259923],[5.373438,43.259558],[5.373093,43.259102],[5.372786,43.259057],[5.372713,43.259114],[5.372599,43.259034],[5.372557,43.259087],[5.372676,43.259148],[5.372614,43.2592],[5.37268,43.25925],[5.371793,43.259948],[5.371504,43.259952],[5.371752,43.26093],[5.371903,43.260966],[5.372105,43.260848],[5.372399,43.260963],[5.372405,43.26124],[5.372236,43.261541],[5.371786,43.261843],[5.37087,43.262122],[5.370535,43.262128],[5.370557,43.261743],[5.370477,43.261745],[5.370434,43.262447],[5.370793,43.262512],[5.370943,43.262809],[5.37088,43.263273],[5.37066,43.263549],[5.370163,43.263885],[5.369456,43.264187],[5.369093,43.263628],[5.369023,43.263651],[5.369136,43.263818],[5.368985,43.263857],[5.368585,43.263848],[5.368268,43.263727],[5.368348,43.263237],[5.368494,43.263086],[5.368342,43.262968],[5.368192,43.262977],[5.368116,43.263063],[5.367808,43.264229],[5.368048,43.264707],[5.368894,43.265934],[5.368599,43.266639],[5.368641,43.266734],[5.368791,43.266777],[5.36894,43.266706],[5.368925,43.266551],[5.369162,43.265947],[5.369275,43.265911],[5.369516,43.266029],[5.370573,43.26573],[5.37112,43.265893],[5.371314,43.265816],[5.371505,43.266124],[5.371514,43.266332],[5.3713,43.266376],[5.371109,43.267146],[5.370764,43.267058],[5.370663,43.267265],[5.370717,43.267317],[5.370675,43.267505],[5.370461,43.267758],[5.369965,43.267992],[5.369415,43.267975],[5.369009,43.268113],[5.36904,43.268241],[5.368841,43.268287],[5.368387,43.268076],[5.36842,43.267976],[5.367757,43.266672],[5.367796,43.266371],[5.36791,43.266158],[5.367806,43.266091],[5.367608,43.266117],[5.367542,43.266758],[5.368157,43.268019],[5.367998,43.268314],[5.368443,43.268419],[5.368489,43.268822],[5.368497,43.268848]]]]}},{"type":"Feature","properties":{"name":"LA TIMONE","slug":"la-timone","arrondissement":10,"center":[5.414206,43.287443]},"geometry":{"type":"Polygon","coordinates":[[[5.408628,43.283074],[5.407453,43.284486],[5.40599,43.285123],[5.405306,43.285495],[5.404132,43.285862],[5.404102,43.285947],[5.403933,43.285999],[5.402807,43.28576],[5.398684,43.28537],[5.398659,43.285921],[5.398954,43.28683],[5.402363,43.286959],[5.403042,43.286573],[5.406372,43.287645],[5.405986,43.290381],[5.406792,43.290016],[5.406632,43.291127],[5.407185,43.291431],[5.407811,43.290908],[5.408779,43.291108],[5.410229,43.291166],[5.410217,43.291549],[5.415051,43.29169],[5.416544,43.291444],[5.418539,43.290687],[5.419126,43.290533],[5.421595,43.2905],[5.422605,43.290623],[5.423792,43.290622],[5.424858,43.290449],[5.425797,43.29014],[5.425759,43.288931],[5.425251,43.288375],[5.425162,43.288114],[5.425234,43.286138],[5.42549,43.285896],[5.425208,43.285809],[5.425141,43.285647],[5.424777,43.285945],[5.423264,43.285741],[5.422379,43.285405],[5.421441,43.284893],[5.419026,43.283912],[5.417806,43.283591],[5.416932,43.283532],[5.415238,43.283557],[5.413299,43.283414],[5.410973,43.2831],[5.409988,43.283092],[5.408813,43.282845],[5.408628,43.283074]]]}},{"type":"Feature","properties":{"name":"LA BARASSE","slug":"la-barasse","arrondissement":11,"center":[5.478012,43.268667]},"geometry":{"type":"Polygon","coordinates":[[[5.47204,43.272342],[5.471997,43.272671],[5.472266,43.273296],[5.472314,43.273623],[5.47215,43.274178],[5.472134,43.274516],[5.472525,43.274981],[5.472919,43.275384],[5.473539,43.275734],[5.474137,43.275945],[5.475378,43.276123],[5.474949,43.277511],[5.475038,43.277847],[5.475069,43.278604],[5.475216,43.279049],[5.475463,43.279401],[5.475499,43.279691],[5.475766,43.280386],[5.476211,43.280615],[5.476607,43.280725],[5.476694,43.282031],[5.476839,43.282265],[5.477216,43.28256],[5.477409,43.28298],[5.477049,43.283062],[5.476752,43.283376],[5.476268,43.283683],[5.475259,43.284027],[5.472844,43.284382],[5.472902,43.284802],[5.472816,43.284822],[5.473022,43.28626],[5.474456,43.286253],[5.474659,43.287033],[5.476585,43.286848],[5.479414,43.287063],[5.480323,43.287053],[5.480415,43.28723],[5.480545,43.287277],[5.480966,43.287296],[5.481418,43.287428],[5.481184,43.286966],[5.482752,43.28659],[5.485693,43.285342],[5.486644,43.28512],[5.487966,43.28494],[5.491234,43.28465],[5.493596,43.284631],[5.495609,43.284886],[5.499242,43.285764],[5.499312,43.28542],[5.499384,43.283499],[5.496956,43.283172],[5.493663,43.283748],[5.49359,43.283614],[5.492915,43.283604],[5.492664,43.28347],[5.492684,43.283319],[5.493009,43.28337],[5.493413,43.283238],[5.493661,43.283061],[5.493905,43.282689],[5.494118,43.28251],[5.494097,43.2824],[5.493653,43.282126],[5.493726,43.281858],[5.493657,43.281688],[5.493422,43.281566],[5.492842,43.281757],[5.490587,43.281909],[5.489809,43.281748],[5.489773,43.281278],[5.489291,43.280498],[5.488833,43.280229],[5.488299,43.279345],[5.487901,43.279173],[5.48811,43.278679],[5.488184,43.278685],[5.488367,43.278445],[5.489035,43.278421],[5.489701,43.278258],[5.490232,43.277998],[5.490387,43.27737],[5.490732,43.277138],[5.490656,43.27689],[5.491053,43.276447],[5.491136,43.275583],[5.491493,43.275451],[5.491819,43.274867],[5.491881,43.274627],[5.492201,43.274365],[5.491913,43.273791],[5.492171,43.273383],[5.491796,43.272661],[5.493309,43.271742],[5.492995,43.270453],[5.492429,43.269668],[5.492368,43.269421],[5.492273,43.26935],[5.492242,43.26919],[5.49171,43.268296],[5.491726,43.268074],[5.49093,43.267486],[5.490578,43.267127],[5.490011,43.266226],[5.489949,43.265985],[5.489615,43.265717],[5.487958,43.264902],[5.487088,43.264082],[5.485687,43.263871],[5.485647,43.263144],[5.485172,43.262565],[5.484577,43.262051],[5.485068,43.260661],[5.485118,43.259805],[5.485439,43.259122],[5.485909,43.258955],[5.486176,43.257769],[5.484555,43.256991],[5.484467,43.256537],[5.484145,43.256269],[5.484099,43.2561],[5.483862,43.255869],[5.483702,43.255589],[5.483408,43.255344],[5.48257,43.254943],[5.480996,43.254771],[5.480863,43.254638],[5.480086,43.254425],[5.479548,43.254368],[5.479351,43.254262],[5.478516,43.254193],[5.477869,43.254033],[5.476764,43.254053],[5.476327,43.253853],[5.475456,43.253678],[5.474706,43.253691],[5.473985,43.253536],[5.472449,43.253445],[5.470915,43.25368],[5.468884,43.253542],[5.468487,43.253823],[5.466926,43.254344],[5.466339,43.254452],[5.464943,43.254298],[5.46377,43.253948],[5.463106,43.253954],[5.462728,43.254118],[5.462621,43.254275],[5.462354,43.25443],[5.461453,43.254679],[5.461136,43.254909],[5.459477,43.254815],[5.458812,43.254817],[5.458559,43.254897],[5.45824,43.25514],[5.4579,43.255221],[5.457494,43.2557],[5.457151,43.256403],[5.457009,43.256506],[5.45564,43.256654],[5.455313,43.256753],[5.454591,43.256594],[5.452373,43.255624],[5.451865,43.255558],[5.451809,43.255668],[5.451949,43.256212],[5.452239,43.256788],[5.452294,43.257344],[5.452239,43.257463],[5.453747,43.257833],[5.454276,43.257592],[5.455486,43.25789],[5.45569,43.258271],[5.456145,43.258716],[5.45673,43.25905],[5.457466,43.259253],[5.458211,43.2593],[5.459391,43.258892],[5.459841,43.259482],[5.459475,43.259753],[5.45971,43.259638],[5.460693,43.259844],[5.461628,43.25945],[5.461668,43.259283],[5.46208,43.25901],[5.462626,43.25889],[5.464237,43.258694],[5.465008,43.259065],[5.465241,43.259341],[5.465304,43.259606],[5.465263,43.259865],[5.464941,43.260192],[5.46486,43.260424],[5.464583,43.26058],[5.464439,43.261063],[5.464241,43.26127],[5.464237,43.261491],[5.464088,43.261747],[5.464077,43.261947],[5.463771,43.262457],[5.463366,43.262872],[5.463098,43.263716],[5.463203,43.26454],[5.464175,43.265399],[5.464481,43.265522],[5.465191,43.266098],[5.465577,43.266633],[5.466327,43.267253],[5.466381,43.267486],[5.46697,43.268074],[5.468344,43.268483],[5.468936,43.268836],[5.469539,43.269311],[5.470776,43.269984],[5.47119,43.270533],[5.471478,43.271185],[5.471446,43.27127],[5.471534,43.271347],[5.47156,43.271671],[5.47199,43.272232],[5.47204,43.272342]]]}},{"type":"Feature","properties":{"name":"SAINT-MARCEL","slug":"saint-marcel","arrondissement":11,"center":[5.463413,43.283451]},"geometry":{"type":"Polygon","coordinates":[[[5.455903,43.27857],[5.455116,43.278899],[5.454997,43.279079],[5.454988,43.279249],[5.45514,43.279653],[5.455992,43.280244],[5.457336,43.280711],[5.457611,43.280785],[5.457908,43.280755],[5.458725,43.281021],[5.459732,43.281086],[5.460152,43.280773],[5.460663,43.280684],[5.460867,43.280929],[5.461051,43.281378],[5.46114,43.282267],[5.461403,43.283074],[5.461402,43.283883],[5.461621,43.284254],[5.461635,43.284409],[5.461498,43.284438],[5.461382,43.284653],[5.460914,43.284889],[5.460634,43.28494],[5.46043,43.285134],[5.46024,43.285107],[5.45957,43.285607],[5.458449,43.286187],[5.45864,43.286567],[5.458638,43.287101],[5.457268,43.287795],[5.456001,43.288226],[5.455569,43.28862],[5.452537,43.288535],[5.450129,43.288073],[5.448823,43.287691],[5.446549,43.287266],[5.445301,43.286799],[5.444144,43.288709],[5.441758,43.287979],[5.441613,43.288409],[5.442234,43.288488],[5.442556,43.288938],[5.442767,43.289149],[5.442983,43.289247],[5.443096,43.289518],[5.443627,43.289792],[5.444015,43.290174],[5.444783,43.290669],[5.445498,43.290992],[5.446247,43.291168],[5.446697,43.290942],[5.447832,43.290889],[5.448599,43.290718],[5.449531,43.290163],[5.449872,43.290075],[5.450113,43.290091],[5.450303,43.29016],[5.450772,43.290896],[5.451077,43.291033],[5.452129,43.291312],[5.453156,43.291284],[5.453991,43.291525],[5.45393,43.291794],[5.454558,43.292053],[5.455194,43.292751],[5.455933,43.293032],[5.455538,43.293438],[5.4555,43.294088],[5.45398,43.294407],[5.452979,43.294761],[5.453057,43.294917],[5.452681,43.295001],[5.452598,43.294726],[5.451272,43.295823],[5.450885,43.296026],[5.450461,43.296143],[5.44953,43.29674],[5.449447,43.297377],[5.449309,43.297549],[5.450854,43.298476],[5.452004,43.298845],[5.453413,43.299174],[5.454659,43.299142],[5.456165,43.299696],[5.45798,43.299694],[5.458281,43.299772],[5.458107,43.300013],[5.457839,43.301092],[5.457575,43.301424],[5.457928,43.301488],[5.460691,43.301693],[5.461838,43.301434],[5.462541,43.301814],[5.462748,43.301841],[5.46348,43.301489],[5.46369,43.30129],[5.464101,43.30115],[5.465961,43.301195],[5.46688,43.30108],[5.467423,43.300746],[5.468699,43.300172],[5.469164,43.300055],[5.469776,43.299692],[5.470684,43.299689],[5.471744,43.299949],[5.473341,43.299607],[5.473481,43.299629],[5.474038,43.299997],[5.476154,43.300041],[5.476694,43.300146],[5.476752,43.300099],[5.477631,43.298932],[5.477985,43.298702],[5.478016,43.298552],[5.476343,43.297253],[5.476181,43.296876],[5.475424,43.296443],[5.475302,43.296198],[5.475302,43.295994],[5.475547,43.29533],[5.475688,43.294578],[5.475465,43.294366],[5.475368,43.294045],[5.474482,43.293973],[5.474449,43.293898],[5.474142,43.293807],[5.473977,43.293648],[5.47355,43.292368],[5.473221,43.291989],[5.473032,43.291232],[5.473224,43.290974],[5.473193,43.290832],[5.473543,43.290702],[5.473415,43.290355],[5.473203,43.290187],[5.47297,43.289813],[5.472494,43.28959],[5.472251,43.28937],[5.471831,43.288724],[5.471376,43.28834],[5.470937,43.287834],[5.470896,43.287669],[5.474659,43.287033],[5.474456,43.286253],[5.473022,43.28626],[5.472816,43.284822],[5.472902,43.284802],[5.472844,43.284382],[5.475259,43.284027],[5.476268,43.283683],[5.476752,43.283376],[5.477049,43.283062],[5.477409,43.28298],[5.477216,43.28256],[5.476839,43.282265],[5.476694,43.282031],[5.476607,43.280725],[5.476211,43.280615],[5.475766,43.280386],[5.475499,43.279691],[5.475463,43.279401],[5.475216,43.279049],[5.475069,43.278604],[5.475038,43.277847],[5.474949,43.277511],[5.475378,43.276123],[5.474137,43.275945],[5.473539,43.275734],[5.472919,43.275384],[5.472134,43.274516],[5.47215,43.274178],[5.472316,43.273665],[5.472266,43.273296],[5.471997,43.272671],[5.472066,43.272398],[5.471936,43.272105],[5.47156,43.271671],[5.471534,43.271347],[5.471446,43.27127],[5.471478,43.271185],[5.47119,43.270533],[5.470776,43.269984],[5.469539,43.269311],[5.468936,43.268836],[5.468344,43.268483],[5.46697,43.268074],[5.466381,43.267486],[5.466327,43.267253],[5.465577,43.266633],[5.465191,43.266098],[5.464481,43.265522],[5.464175,43.265399],[5.463203,43.26454],[5.463098,43.263716],[5.463366,43.262872],[5.463771,43.262457],[5.464077,43.261947],[5.464088,43.261747],[5.464237,43.261491],[5.464241,43.26127],[5.464439,43.261063],[5.464583,43.26058],[5.46486,43.260424],[5.464941,43.260192],[5.465237,43.2599],[5.465296,43.259727],[5.465241,43.259341],[5.465143,43.259189],[5.464897,43.25898],[5.46434,43.258722],[5.46387,43.258702],[5.462104,43.258999],[5.461668,43.259283],[5.461628,43.25945],[5.460779,43.259833],[5.45971,43.259638],[5.459475,43.259753],[5.458908,43.260875],[5.458297,43.262772],[5.457448,43.263309],[5.456086,43.264027],[5.455151,43.26474],[5.454085,43.265406],[5.454133,43.265512],[5.453986,43.265831],[5.453939,43.26645],[5.453801,43.266682],[5.453623,43.267513],[5.454219,43.269987],[5.453888,43.271343],[5.453714,43.271476],[5.453488,43.272215],[5.453514,43.272361],[5.453666,43.27252],[5.454131,43.272686],[5.454177,43.272922],[5.454356,43.273185],[5.454747,43.2735],[5.454932,43.273773],[5.455245,43.274592],[5.45609,43.275546],[5.456061,43.275975],[5.455896,43.276254],[5.455899,43.276767],[5.456116,43.277628],[5.455927,43.278531],[5.455903,43.27857]]]}},{"type":"Feature","properties":{"name":"LES CAILLOLS","slug":"les-caillols","arrondissement":12,"center":[5.446979,43.302663]},"geometry":{"type":"Polygon","coordinates":[[[5.433681,43.29638],[5.433973,43.296817],[5.434359,43.297138],[5.434335,43.297296],[5.434613,43.297326],[5.4353,43.297617],[5.436532,43.298665],[5.436503,43.298731],[5.43662,43.298897],[5.436822,43.300308],[5.43744,43.301734],[5.43766,43.302043],[5.437833,43.302597],[5.437848,43.303292],[5.437633,43.303424],[5.437951,43.304907],[5.439171,43.304772],[5.440792,43.304817],[5.440628,43.305305],[5.440981,43.305398],[5.441166,43.305202],[5.441392,43.305204],[5.441855,43.304967],[5.442202,43.304995],[5.442353,43.30479],[5.44315,43.305458],[5.443503,43.305943],[5.443627,43.30621],[5.443631,43.306479],[5.443531,43.307188],[5.44321,43.307854],[5.443191,43.308986],[5.443333,43.309537],[5.44323,43.310225],[5.443347,43.310708],[5.443602,43.310925],[5.444499,43.310892],[5.446386,43.310486],[5.447349,43.310658],[5.448497,43.310636],[5.449479,43.310736],[5.449942,43.310712],[5.45092,43.310867],[5.45136,43.310782],[5.451494,43.310703],[5.451564,43.310512],[5.451394,43.309718],[5.451439,43.309524],[5.451613,43.30941],[5.452002,43.309339],[5.452563,43.309115],[5.453321,43.308337],[5.454477,43.30796],[5.454853,43.307957],[5.455542,43.307816],[5.455748,43.307619],[5.456061,43.307523],[5.456621,43.306854],[5.457182,43.306824],[5.458387,43.305976],[5.458726,43.306012],[5.459223,43.306443],[5.459809,43.306521],[5.459884,43.306316],[5.460347,43.306078],[5.459972,43.30548],[5.459858,43.30494],[5.458682,43.304916],[5.457711,43.304574],[5.457223,43.304282],[5.456979,43.304003],[5.456495,43.303636],[5.45613,43.303192],[5.456105,43.303028],[5.456906,43.302986],[5.457105,43.302873],[5.457131,43.301775],[5.457774,43.301224],[5.45793,43.300828],[5.458107,43.300013],[5.458281,43.299772],[5.458185,43.299729],[5.456165,43.299696],[5.454659,43.299142],[5.453413,43.299174],[5.451228,43.298623],[5.450448,43.298277],[5.449307,43.297548],[5.448904,43.29722],[5.448427,43.296619],[5.448298,43.296812],[5.447763,43.296429],[5.442259,43.294714],[5.442192,43.294884],[5.441849,43.294759],[5.441294,43.295499],[5.440936,43.296218],[5.440697,43.297028],[5.44073,43.297327],[5.439732,43.297279],[5.439599,43.297193],[5.438538,43.297062],[5.438453,43.296858],[5.438516,43.29663],[5.437344,43.296367],[5.437457,43.29593],[5.435962,43.29565],[5.435364,43.295428],[5.434773,43.29509],[5.433884,43.294919],[5.433225,43.294607],[5.433182,43.294722],[5.433283,43.29499],[5.433357,43.295711],[5.43365,43.296323],[5.433681,43.29638]]]}},{"type":"Feature","properties":{"name":"CHATEAU-GOMBERT","slug":"chateau-gombert","arrondissement":13,"center":[5.441877,43.348332]},"geometry":{"type":"Polygon","coordinates":[[[5.448966,43.353833],[5.449115,43.353603],[5.449293,43.35293],[5.449641,43.352357],[5.45009,43.352444],[5.450575,43.352369],[5.451478,43.35178],[5.451511,43.351582],[5.451279,43.351235],[5.451266,43.350743],[5.450886,43.349655],[5.450836,43.349318],[5.451289,43.34837],[5.451253,43.347543],[5.451523,43.347275],[5.452799,43.347123],[5.452525,43.346454],[5.451929,43.345425],[5.451737,43.344314],[5.451146,43.342625],[5.451053,43.341715],[5.450893,43.340969],[5.450647,43.340402],[5.450052,43.33856],[5.449936,43.338468],[5.448954,43.338674],[5.44894,43.339412],[5.448868,43.339564],[5.44835,43.339871],[5.447948,43.340442],[5.446968,43.340818],[5.446383,43.3412],[5.446618,43.341573],[5.446168,43.342552],[5.44585,43.343009],[5.445619,43.343045],[5.442853,43.341057],[5.44233,43.340867],[5.442212,43.340535],[5.441534,43.339756],[5.441179,43.339527],[5.440073,43.339177],[5.438384,43.339133],[5.438081,43.339202],[5.438144,43.339079],[5.438004,43.338942],[5.437228,43.338801],[5.436578,43.338187],[5.435427,43.337299],[5.433291,43.335217],[5.433132,43.335124],[5.432987,43.335144],[5.432742,43.336603],[5.432337,43.337376],[5.432244,43.337857],[5.432272,43.338067],[5.432146,43.33816],[5.432315,43.338251],[5.43232,43.33856],[5.432624,43.338665],[5.43277,43.338924],[5.43278,43.339336],[5.432615,43.340096],[5.432781,43.341036],[5.432709,43.341553],[5.433689,43.341542],[5.433993,43.341662],[5.434201,43.342952],[5.434159,43.343281],[5.434234,43.343305],[5.43395,43.344232],[5.433831,43.344291],[5.433548,43.345287],[5.433599,43.345469],[5.433318,43.34676],[5.434955,43.346246],[5.43505,43.346512],[5.43543,43.347095],[5.435447,43.347584],[5.435687,43.348409],[5.435054,43.348474],[5.434614,43.349156],[5.434063,43.349579],[5.434122,43.349795],[5.43364,43.350268],[5.433306,43.350689],[5.433139,43.351049],[5.432973,43.351201],[5.433769,43.351671],[5.432677,43.352156],[5.430893,43.353362],[5.431387,43.353695],[5.430521,43.355651],[5.431719,43.356386],[5.43268,43.357248],[5.434012,43.356401],[5.434298,43.356586],[5.434378,43.356152],[5.43469,43.35528],[5.434978,43.35535],[5.435225,43.355306],[5.435764,43.354643],[5.436802,43.353922],[5.437781,43.353589],[5.438209,43.353534],[5.438311,43.353771],[5.438937,43.354213],[5.439202,43.3546],[5.439849,43.356459],[5.440418,43.357478],[5.441823,43.359357],[5.442589,43.360105],[5.445457,43.359447],[5.445504,43.359587],[5.44857,43.359128],[5.448563,43.358543],[5.44821,43.357377],[5.448241,43.357028],[5.448048,43.356199],[5.448499,43.355703],[5.448608,43.355473],[5.448628,43.355008],[5.448767,43.354685],[5.448788,43.354266],[5.448912,43.35396],[5.448966,43.353833]]]}},{"type":"Feature","properties":{"name":"LES OLIVES","slug":"les-olives","arrondissement":13,"center":[5.449584,43.325971]},"geometry":{"type":"Polygon","coordinates":[[[5.463899,43.321716],[5.464151,43.32146],[5.464754,43.320337],[5.463083,43.320301],[5.462657,43.319267],[5.46349,43.318909],[5.462315,43.318455],[5.461271,43.317934],[5.460197,43.31764],[5.459928,43.318058],[5.459518,43.317981],[5.458669,43.318511],[5.457246,43.319928],[5.456948,43.320132],[5.455664,43.319565],[5.455309,43.319843],[5.455167,43.319635],[5.454979,43.31975],[5.45486,43.319447],[5.454618,43.319246],[5.454748,43.319178],[5.454139,43.318408],[5.453679,43.318508],[5.453437,43.318115],[5.452851,43.318362],[5.452609,43.31833],[5.451288,43.319529],[5.449097,43.320497],[5.449194,43.320662],[5.449135,43.320837],[5.448397,43.321721],[5.447854,43.321305],[5.447228,43.321451],[5.44651,43.321216],[5.445814,43.321146],[5.445274,43.321007],[5.445165,43.320916],[5.445137,43.320598],[5.44506,43.320502],[5.443865,43.320112],[5.443399,43.319776],[5.442987,43.31961],[5.441039,43.319078],[5.441382,43.320332],[5.441334,43.320785],[5.441224,43.320942],[5.440599,43.320865],[5.439107,43.320466],[5.438645,43.321207],[5.437741,43.323197],[5.436949,43.324404],[5.436826,43.32517],[5.436589,43.325841],[5.436404,43.325953],[5.435895,43.326029],[5.435325,43.326222],[5.435241,43.326439],[5.435068,43.326488],[5.43527,43.32658],[5.435341,43.326689],[5.435066,43.327073],[5.435474,43.327806],[5.433055,43.328516],[5.432952,43.328617],[5.43151,43.328857],[5.430885,43.329066],[5.431142,43.329138],[5.432555,43.330039],[5.433233,43.330827],[5.433488,43.330909],[5.434388,43.331492],[5.435065,43.331648],[5.436277,43.331712],[5.43648,43.331871],[5.436851,43.33196],[5.437115,43.332156],[5.438066,43.332509],[5.438776,43.332634],[5.439588,43.332596],[5.440561,43.33238],[5.440951,43.332521],[5.441171,43.332526],[5.441276,43.332624],[5.441569,43.333639],[5.441939,43.333803],[5.442472,43.333787],[5.442696,43.33367],[5.443387,43.333749],[5.44392,43.333669],[5.444124,43.333717],[5.444733,43.333499],[5.445309,43.333609],[5.445584,43.333494],[5.446655,43.333856],[5.447006,43.333875],[5.447355,43.333797],[5.447866,43.333409],[5.44816,43.332055],[5.447852,43.331505],[5.447861,43.331275],[5.448148,43.330929],[5.448672,43.330792],[5.448903,43.331072],[5.449309,43.3309],[5.44955,43.330977],[5.450057,43.330435],[5.450314,43.330553],[5.450889,43.33041],[5.45124,43.33081],[5.451879,43.330186],[5.453577,43.331236],[5.453736,43.331193],[5.453703,43.33139],[5.454108,43.331481],[5.455291,43.332023],[5.455058,43.332257],[5.456489,43.333225],[5.456742,43.33307],[5.457043,43.333021],[5.458242,43.331481],[5.458859,43.331111],[5.459532,43.330587],[5.466613,43.322999],[5.465818,43.322679],[5.463899,43.321716]]]}},{"type":"Feature","properties":{"name":"LES ARNAVAUX","slug":"les-arnavaux","arrondissement":14,"center":[5.377403,43.334604]},"geometry":{"type":"Polygon","coordinates":[[[5.387863,43.329924],[5.388062,43.329724],[5.388445,43.329627],[5.38813,43.329442],[5.387846,43.328916],[5.387796,43.328634],[5.387306,43.328592],[5.386826,43.328425],[5.385864,43.328047],[5.385334,43.327727],[5.3848,43.327885],[5.385448,43.329012],[5.384331,43.329579],[5.384186,43.330018],[5.382872,43.33037],[5.38276,43.330183],[5.381419,43.33092],[5.380283,43.331195],[5.379744,43.329984],[5.379158,43.330227],[5.376677,43.330814],[5.377023,43.33141],[5.37489,43.331429],[5.367027,43.329589],[5.366892,43.329971],[5.366411,43.330719],[5.366385,43.330981],[5.366479,43.331169],[5.367782,43.33257],[5.368043,43.3334],[5.367919,43.334353],[5.367541,43.335387],[5.367409,43.336915],[5.366806,43.338196],[5.37336,43.339524],[5.374296,43.339527],[5.374564,43.339493],[5.375472,43.338896],[5.375569,43.339017],[5.378796,43.336839],[5.379477,43.337525],[5.380858,43.338551],[5.381271,43.338708],[5.381798,43.338705],[5.382001,43.338833],[5.382018,43.339003],[5.381875,43.339148],[5.381356,43.33916],[5.381126,43.339247],[5.381124,43.339657],[5.381196,43.339886],[5.381293,43.339923],[5.381233,43.339995],[5.38133,43.340216],[5.38224,43.340382],[5.382453,43.340264],[5.383029,43.340472],[5.382947,43.340803],[5.383777,43.340995],[5.384625,43.340601],[5.385468,43.340378],[5.386798,43.340229],[5.386226,43.338591],[5.385835,43.337768],[5.385701,43.337168],[5.385528,43.336933],[5.385662,43.336573],[5.385628,43.336161],[5.385255,43.334345],[5.385476,43.333721],[5.386349,43.33227],[5.388016,43.330808],[5.388386,43.330731],[5.387943,43.330538],[5.38784,43.330334],[5.387819,43.330079],[5.387863,43.329924]]]}},{"type":"Feature","properties":{"name":"LE MERLAN","slug":"le-merlan","arrondissement":14,"center":[5.405884,43.357039]},"geometry":{"type":"Polygon","coordinates":[[[5.400346,43.340429],[5.400398,43.341264],[5.400336,43.341614],[5.400473,43.342326],[5.401529,43.342119],[5.401438,43.341756],[5.402818,43.341385],[5.404118,43.341609],[5.404865,43.341974],[5.404799,43.342335],[5.404375,43.342938],[5.403761,43.343325],[5.403558,43.343813],[5.403393,43.343894],[5.40285,43.344521],[5.402056,43.345598],[5.40438,43.34564],[5.4044,43.345771],[5.40426,43.346228],[5.403563,43.346245],[5.403492,43.346343],[5.403178,43.347448],[5.403116,43.34853],[5.402888,43.349018],[5.402562,43.349187],[5.402504,43.349296],[5.402515,43.349774],[5.399912,43.34985],[5.399435,43.349702],[5.399418,43.350007],[5.399248,43.350444],[5.399215,43.3507],[5.39956,43.351587],[5.399599,43.35209],[5.402587,43.35265],[5.40204,43.353455],[5.401727,43.35417],[5.401389,43.354641],[5.401074,43.354988],[5.400845,43.355041],[5.40058,43.35527],[5.40012,43.356404],[5.399813,43.356786],[5.399684,43.358502],[5.39905,43.359919],[5.398977,43.360494],[5.398033,43.361478],[5.39688,43.362003],[5.396555,43.362254],[5.397377,43.362301],[5.395811,43.365425],[5.395746,43.365768],[5.395328,43.366785],[5.395846,43.367588],[5.396025,43.367759],[5.396458,43.367897],[5.39744,43.367829],[5.39801,43.367938],[5.398406,43.368142],[5.39832,43.368567],[5.397857,43.369182],[5.39705,43.369296],[5.396695,43.369995],[5.396394,43.37017],[5.396139,43.370519],[5.39607,43.370888],[5.395595,43.371302],[5.395228,43.371438],[5.395102,43.371673],[5.394696,43.37187],[5.39457,43.372158],[5.394182,43.372262],[5.393056,43.372233],[5.39272,43.372359],[5.392197,43.372283],[5.391737,43.372102],[5.391556,43.372112],[5.39239,43.373184],[5.393914,43.373875],[5.394123,43.374067],[5.394434,43.374197],[5.395401,43.374213],[5.395712,43.374391],[5.395878,43.374392],[5.396674,43.374108],[5.396819,43.374129],[5.396972,43.374339],[5.39714,43.37437],[5.39777,43.37406],[5.398317,43.374219],[5.399237,43.374352],[5.39955,43.374289],[5.400282,43.373961],[5.400983,43.373899],[5.401348,43.374382],[5.402257,43.374579],[5.402303,43.374821],[5.402546,43.374947],[5.403506,43.374843],[5.403851,43.374868],[5.404726,43.375116],[5.404771,43.37533],[5.404683,43.375712],[5.405307,43.375878],[5.405488,43.37619],[5.405461,43.376526],[5.40582,43.376693],[5.406127,43.376639],[5.406917,43.376704],[5.407274,43.37666],[5.407835,43.376268],[5.409056,43.376005],[5.409489,43.375775],[5.409795,43.375861],[5.410976,43.37566],[5.411534,43.375735],[5.411963,43.3759],[5.412683,43.376443],[5.412926,43.376535],[5.413133,43.376966],[5.41374,43.377661],[5.413815,43.377927],[5.413941,43.378063],[5.415376,43.378739],[5.414747,43.377783],[5.414671,43.3771],[5.4145,43.376865],[5.413547,43.375979],[5.413176,43.375546],[5.413122,43.375339],[5.413039,43.374861],[5.413082,43.374722],[5.412994,43.374565],[5.413219,43.373135],[5.413208,43.372695],[5.413529,43.37086],[5.414001,43.36956],[5.414011,43.368832],[5.413798,43.36784],[5.413906,43.366046],[5.41367,43.364421],[5.41382,43.364004],[5.413821,43.363781],[5.41355,43.362804],[5.412858,43.362094],[5.412593,43.361427],[5.412191,43.360942],[5.412056,43.360595],[5.412608,43.360064],[5.413633,43.358339],[5.413876,43.358044],[5.414573,43.356783],[5.414774,43.356283],[5.414701,43.355494],[5.414916,43.354696],[5.416061,43.352811],[5.416612,43.352478],[5.414954,43.351584],[5.414643,43.351585],[5.414227,43.351381],[5.413536,43.350924],[5.413204,43.350564],[5.412433,43.350011],[5.411989,43.349523],[5.412346,43.349104],[5.412695,43.348831],[5.413209,43.347839],[5.413734,43.347233],[5.414361,43.346742],[5.414567,43.346309],[5.413748,43.345424],[5.411816,43.344198],[5.411295,43.343525],[5.41112,43.343168],[5.410454,43.342507],[5.41048,43.342031],[5.410256,43.34135],[5.410915,43.341128],[5.410893,43.340971],[5.411071,43.340659],[5.411142,43.339237],[5.408883,43.336717],[5.408716,43.336343],[5.408636,43.335404],[5.408558,43.335264],[5.408447,43.335141],[5.407963,43.335204],[5.407493,43.335094],[5.407622,43.334286],[5.407271,43.333339],[5.4061,43.331117],[5.405579,43.330797],[5.4049,43.330704],[5.404457,43.330829],[5.404203,43.330994],[5.404095,43.331255],[5.404165,43.332152],[5.40387,43.332684],[5.403508,43.333024],[5.400656,43.334936],[5.40068,43.335143],[5.400398,43.335526],[5.399882,43.335898],[5.399555,43.336008],[5.39888,43.335957],[5.398678,43.335874],[5.39876,43.335769],[5.39776,43.336014],[5.39731,43.336241],[5.397062,43.336654],[5.397255,43.336763],[5.397006,43.3373],[5.396808,43.338113],[5.396907,43.33861],[5.396869,43.338988],[5.396963,43.339163],[5.397053,43.33925],[5.398206,43.339311],[5.398373,43.339529],[5.398934,43.339657],[5.399124,43.340037],[5.399116,43.340448],[5.400331,43.340254],[5.400346,43.340429]]]}},{"type":"Feature","properties":{"name":"SAINTE MARTHE","slug":"sainte-marthe","arrondissement":14,"center":[5.394573,43.345286]},"geometry":{"type":"Polygon","coordinates":[[[5.38933,43.331454],[5.388901,43.330815],[5.38893,43.33056],[5.388666,43.330703],[5.388016,43.330808],[5.386349,43.33227],[5.385476,43.333721],[5.385273,43.334206],[5.385271,43.334587],[5.385628,43.336161],[5.385662,43.336573],[5.385528,43.336933],[5.385701,43.337168],[5.385835,43.337768],[5.386226,43.338591],[5.386798,43.340229],[5.386912,43.340368],[5.386692,43.340744],[5.386551,43.341688],[5.386395,43.342226],[5.385964,43.342921],[5.385299,43.343543],[5.385638,43.343797],[5.386007,43.343815],[5.386208,43.343917],[5.386414,43.34431],[5.386972,43.344662],[5.387336,43.345214],[5.387313,43.344912],[5.387372,43.344784],[5.388091,43.344704],[5.388372,43.344812],[5.389813,43.345017],[5.390879,43.344485],[5.391391,43.345865],[5.392034,43.346336],[5.391806,43.34703],[5.391927,43.348067],[5.391857,43.348464],[5.391402,43.348936],[5.391314,43.349796],[5.391014,43.349841],[5.390954,43.349919],[5.390934,43.352249],[5.391129,43.352344],[5.391095,43.353272],[5.391453,43.353675],[5.390912,43.353893],[5.390751,43.354384],[5.391213,43.355048],[5.393381,43.357395],[5.394402,43.359128],[5.394263,43.359452],[5.39374,43.360164],[5.393656,43.360995],[5.394263,43.361789],[5.396555,43.362254],[5.39688,43.362003],[5.398033,43.361478],[5.398977,43.360494],[5.39905,43.359919],[5.399684,43.358502],[5.399813,43.356786],[5.40012,43.356404],[5.40058,43.35527],[5.400845,43.355041],[5.401074,43.354988],[5.401389,43.354641],[5.401727,43.35417],[5.40204,43.353455],[5.402587,43.35265],[5.399599,43.35209],[5.39956,43.351587],[5.399215,43.3507],[5.399418,43.350007],[5.399435,43.349702],[5.399912,43.34985],[5.402515,43.349774],[5.402504,43.349296],[5.402562,43.349187],[5.402888,43.349018],[5.403116,43.34853],[5.403178,43.347448],[5.403492,43.346343],[5.403563,43.346245],[5.40426,43.346228],[5.4044,43.345771],[5.40438,43.34564],[5.402056,43.345598],[5.40285,43.344521],[5.403393,43.343894],[5.403558,43.343813],[5.403761,43.343325],[5.404375,43.342938],[5.404799,43.342335],[5.404865,43.341974],[5.404118,43.341609],[5.402818,43.341385],[5.401438,43.341756],[5.401529,43.342119],[5.400473,43.342326],[5.400336,43.341614],[5.400398,43.341264],[5.400331,43.340254],[5.399116,43.340448],[5.399124,43.340037],[5.398934,43.339657],[5.398373,43.339529],[5.398206,43.339311],[5.397053,43.33925],[5.396963,43.339163],[5.396869,43.338988],[5.396907,43.33861],[5.396808,43.338113],[5.397006,43.3373],[5.397255,43.336763],[5.397062,43.336654],[5.397416,43.336154],[5.39658,43.336017],[5.396409,43.335655],[5.396361,43.334478],[5.395521,43.33459],[5.394964,43.33377],[5.394596,43.333444],[5.393742,43.331765],[5.39323,43.331678],[5.392685,43.331998],[5.391575,43.331758],[5.389616,43.331481],[5.38933,43.331454]]]}},{"type":"Feature","properties":{"name":"LES AYGALADES","slug":"les-aygalades","arrondissement":15,"center":[5.377341,43.361069]},"geometry":{"type":"Polygon","coordinates":[[[5.363547,43.347332],[5.362451,43.348223],[5.362529,43.348397],[5.36314,43.34886],[5.36318,43.348983],[5.363106,43.349412],[5.362807,43.349921],[5.362746,43.350288],[5.362992,43.350944],[5.363088,43.351538],[5.362939,43.352302],[5.363153,43.352883],[5.363365,43.353954],[5.363315,43.354072],[5.363055,43.354125],[5.362835,43.354337],[5.362737,43.355124],[5.362756,43.355483],[5.362858,43.355773],[5.362823,43.35614],[5.362729,43.35635],[5.363259,43.356561],[5.362448,43.358891],[5.363084,43.358782],[5.363166,43.358877],[5.364522,43.358616],[5.364612,43.358765],[5.365321,43.358597],[5.365618,43.358214],[5.365967,43.358136],[5.365411,43.358665],[5.365321,43.358859],[5.365609,43.359741],[5.365525,43.359894],[5.365592,43.359946],[5.366023,43.359734],[5.366315,43.359751],[5.366506,43.35984],[5.366936,43.360377],[5.367481,43.36058],[5.368067,43.360532],[5.368654,43.360221],[5.369369,43.360121],[5.369534,43.360391],[5.369792,43.361235],[5.370016,43.364657],[5.372304,43.364439],[5.372947,43.364311],[5.373197,43.364822],[5.37485,43.365036],[5.375776,43.366723],[5.375861,43.367517],[5.377498,43.367267],[5.377976,43.370224],[5.378341,43.369982],[5.379682,43.369738],[5.380567,43.36993],[5.381339,43.370157],[5.381902,43.370537],[5.381962,43.370661],[5.38197,43.371161],[5.382147,43.371329],[5.382459,43.371383],[5.382573,43.371329],[5.382697,43.371081],[5.382927,43.37094],[5.383511,43.370923],[5.383768,43.370608],[5.384243,43.370674],[5.384876,43.370362],[5.385407,43.370214],[5.385637,43.370397],[5.385495,43.370685],[5.385439,43.371008],[5.385196,43.371259],[5.385222,43.371397],[5.385338,43.37149],[5.38573,43.371552],[5.386348,43.371814],[5.387632,43.372064],[5.387838,43.372042],[5.388194,43.371786],[5.388497,43.371779],[5.389159,43.372343],[5.38988,43.372488],[5.39004,43.372467],[5.390196,43.372166],[5.390427,43.372044],[5.39057,43.372085],[5.39076,43.372293],[5.391261,43.372045],[5.39272,43.372359],[5.393056,43.372233],[5.394182,43.372262],[5.39457,43.372158],[5.394696,43.37187],[5.395102,43.371673],[5.395228,43.371438],[5.395595,43.371302],[5.39607,43.370888],[5.396139,43.370519],[5.396394,43.37017],[5.396695,43.369995],[5.39705,43.369296],[5.397857,43.369182],[5.39829,43.368637],[5.398408,43.368246],[5.398366,43.36811],[5.39801,43.367938],[5.39744,43.367829],[5.396696,43.367896],[5.39615,43.367833],[5.395846,43.367588],[5.395404,43.366852],[5.395192,43.36671],[5.394798,43.366609],[5.392603,43.366572],[5.392337,43.366676],[5.39196,43.36701],[5.391727,43.367072],[5.389958,43.366942],[5.388142,43.366681],[5.386403,43.363766],[5.386318,43.363157],[5.386112,43.362786],[5.385557,43.362313],[5.38434,43.361484],[5.383853,43.361206],[5.383032,43.360873],[5.382042,43.359987],[5.380691,43.359059],[5.380018,43.358448],[5.37834,43.356329],[5.377845,43.355128],[5.376071,43.354432],[5.375944,43.353897],[5.376714,43.353784],[5.376588,43.352808],[5.376372,43.351978],[5.378652,43.351647],[5.379308,43.351338],[5.377816,43.350399],[5.375238,43.349178],[5.375092,43.349745],[5.373347,43.351731],[5.372577,43.352204],[5.37213,43.352841],[5.372137,43.353038],[5.372027,43.352996],[5.369846,43.353206],[5.369886,43.352493],[5.369313,43.351995],[5.368666,43.351151],[5.367354,43.34995],[5.367278,43.349753],[5.367362,43.349388],[5.36611,43.347247],[5.366125,43.346319],[5.365564,43.346308],[5.364926,43.346441],[5.364464,43.346661],[5.363726,43.347198],[5.363547,43.347332]]]}},{"type":"Feature","properties":{"name":"LES CROTTES","slug":"les-crottes","arrondissement":15,"center":[5.366536,43.323896]},"geometry":{"type":"Polygon","coordinates":[[[5.367921,43.317116],[5.366167,43.31928],[5.365183,43.320359],[5.36483,43.320993],[5.364953,43.321409],[5.364933,43.32159],[5.364345,43.32225],[5.364042,43.322852],[5.36183,43.32506],[5.360377,43.327284],[5.359949,43.327789],[5.367647,43.329764],[5.367804,43.328888],[5.368081,43.328361],[5.368378,43.328065],[5.368962,43.326971],[5.36886,43.326435],[5.36889,43.326065],[5.370112,43.32398],[5.371017,43.322752],[5.371448,43.322045],[5.371489,43.321882],[5.37142,43.321525],[5.371591,43.319988],[5.369982,43.319575],[5.370024,43.319422],[5.369484,43.317843],[5.369034,43.316873],[5.369134,43.316723],[5.368423,43.316506],[5.367937,43.317096],[5.367921,43.317116]]]}},{"type":"Feature","properties":{"name":"LA DELORME","slug":"la-delorme","arrondissement":15,"center":[5.371483,43.345068]},"geometry":{"type":"Polygon","coordinates":[[[5.372812,43.33942],[5.366806,43.338196],[5.366189,43.339429],[5.365791,43.339813],[5.365625,43.340079],[5.365202,43.341265],[5.365191,43.341464],[5.366169,43.345446],[5.366086,43.347005],[5.36613,43.347301],[5.367362,43.349388],[5.367278,43.349753],[5.367418,43.350043],[5.368666,43.351151],[5.369313,43.351995],[5.369886,43.352493],[5.369846,43.353206],[5.372027,43.352996],[5.372137,43.353038],[5.37213,43.352841],[5.372577,43.352204],[5.373347,43.351731],[5.375092,43.349745],[5.375235,43.349177],[5.37541,43.348853],[5.377142,43.347616],[5.378076,43.347045],[5.378265,43.346659],[5.378275,43.344517],[5.377871,43.342429],[5.377594,43.341545],[5.377343,43.341006],[5.375655,43.341476],[5.375353,43.340673],[5.375703,43.339395],[5.375646,43.339127],[5.375472,43.338896],[5.374564,43.339493],[5.37336,43.339524],[5.373073,43.339447],[5.372812,43.33942]]]}},{"type":"Feature","properties":{"name":"SAINT-ANTOINE","slug":"saint-antoine","arrondissement":15,"center":[5.363461,43.372735]},"geometry":{"type":"Polygon","coordinates":[[[5.36782,43.369863],[5.36575,43.369259],[5.364898,43.368243],[5.36435,43.367958],[5.363514,43.367753],[5.363086,43.367554],[5.36299,43.366978],[5.362721,43.366835],[5.36221,43.367274],[5.361291,43.367814],[5.360958,43.367735],[5.360502,43.367879],[5.358294,43.367394],[5.358061,43.36718],[5.357196,43.366089],[5.357137,43.365891],[5.356879,43.365627],[5.356531,43.368146],[5.354447,43.367632],[5.352964,43.367493],[5.35273,43.367614],[5.353055,43.368172],[5.350329,43.367875],[5.350036,43.368082],[5.350194,43.368391],[5.350652,43.368565],[5.350816,43.368753],[5.350789,43.36908],[5.349996,43.368914],[5.349108,43.369107],[5.349757,43.369878],[5.350189,43.370244],[5.350259,43.370248],[5.350289,43.370164],[5.350147,43.36985],[5.35077,43.369792],[5.351808,43.370165],[5.351879,43.3702],[5.351743,43.370331],[5.352823,43.37073],[5.352964,43.370573],[5.353348,43.370538],[5.354223,43.371283],[5.35357,43.371776],[5.353273,43.372092],[5.352821,43.37277],[5.352607,43.373334],[5.352566,43.374353],[5.352904,43.374364],[5.353552,43.374216],[5.354567,43.374315],[5.354441,43.374439],[5.355138,43.37443],[5.355679,43.374623],[5.354774,43.375068],[5.354627,43.375414],[5.354486,43.37629],[5.353464,43.377043],[5.353637,43.377676],[5.354518,43.377101],[5.354563,43.377168],[5.358451,43.376634],[5.358578,43.376535],[5.358532,43.376317],[5.359479,43.376942],[5.35959,43.376616],[5.35971,43.376479],[5.362,43.376111],[5.362638,43.375806],[5.362792,43.375553],[5.363687,43.375937],[5.363724,43.375881],[5.364138,43.376048],[5.364254,43.376201],[5.364272,43.376627],[5.364377,43.376696],[5.364153,43.376941],[5.364397,43.377035],[5.366389,43.376869],[5.370297,43.378289],[5.370076,43.3779],[5.370001,43.377291],[5.370499,43.37719],[5.370534,43.377319],[5.370717,43.377131],[5.371598,43.376971],[5.371715,43.376845],[5.371738,43.376333],[5.371838,43.376285],[5.372172,43.37635],[5.373208,43.376974],[5.37399,43.377333],[5.374102,43.377309],[5.374277,43.377533],[5.374349,43.377958],[5.374719,43.378257],[5.374524,43.3781],[5.374934,43.377786],[5.375969,43.377317],[5.376452,43.376878],[5.37765,43.376652],[5.377857,43.37648],[5.378119,43.375927],[5.37809,43.374764],[5.377842,43.374368],[5.376919,43.373499],[5.376673,43.37301],[5.375957,43.372225],[5.375668,43.372181],[5.374581,43.372262],[5.37316,43.371827],[5.372467,43.371845],[5.371422,43.371991],[5.370302,43.371589],[5.368441,43.370262],[5.36782,43.369863]]]}},{"type":"Feature","properties":{"name":"VERDURON","slug":"verduron","arrondissement":15,"center":[5.343111,43.371206]},"geometry":{"type":"Polygon","coordinates":[[[5.342919,43.365444],[5.342219,43.3644],[5.341779,43.363467],[5.341536,43.363304],[5.340066,43.362688],[5.339477,43.367542],[5.339204,43.368222],[5.339236,43.368458],[5.339789,43.369218],[5.339026,43.369033],[5.338569,43.368775],[5.337637,43.367921],[5.337448,43.368789],[5.337729,43.369438],[5.337556,43.369883],[5.337743,43.370193],[5.33787,43.370944],[5.337824,43.371035],[5.337503,43.370541],[5.336644,43.370133],[5.335633,43.370144],[5.335465,43.370229],[5.335275,43.370585],[5.334701,43.3707],[5.334567,43.369786],[5.334036,43.369774],[5.333511,43.369602],[5.333515,43.369793],[5.333061,43.369928],[5.332251,43.371478],[5.332334,43.371461],[5.333095,43.372418],[5.333853,43.373176],[5.334974,43.374086],[5.336636,43.374823],[5.337088,43.375261],[5.336442,43.376011],[5.336392,43.376793],[5.338714,43.377239],[5.340376,43.376906],[5.341322,43.376342],[5.342897,43.375735],[5.343435,43.375443],[5.344351,43.375189],[5.348944,43.375482],[5.349284,43.375358],[5.350442,43.375204],[5.352146,43.374324],[5.352566,43.374353],[5.352607,43.373334],[5.352821,43.37277],[5.353273,43.372092],[5.35357,43.371776],[5.354223,43.371283],[5.353348,43.370538],[5.352964,43.370573],[5.352823,43.37073],[5.351743,43.370331],[5.351879,43.3702],[5.351808,43.370165],[5.35077,43.369792],[5.350147,43.36985],[5.350289,43.370164],[5.350259,43.370248],[5.349757,43.369878],[5.348765,43.36861],[5.348806,43.368109],[5.349057,43.367014],[5.349054,43.366595],[5.34893,43.366313],[5.348986,43.36621],[5.344148,43.366075],[5.344201,43.36544],[5.34298,43.365443],[5.342919,43.365444]]]}},{"type":"Feature","properties":{"name":"LES RIAUX","slug":"les-riaux","arrondissement":16,"center":[5.292709,43.371167]},"geometry":{"type":"Polygon","coordinates":[[[5.308618,43.365075],[5.309098,43.364867],[5.30912,43.364729],[5.308956,43.364676],[5.308613,43.364824],[5.308463,43.364811],[5.308251,43.364443],[5.308123,43.364434],[5.307566,43.364612],[5.306661,43.364638],[5.3063,43.364848],[5.306122,43.364848],[5.306667,43.364123],[5.306589,43.363863],[5.306687,43.363575],[5.306628,43.363253],[5.306663,43.362929],[5.306469,43.36218],[5.306314,43.361048],[5.306107,43.361118],[5.306112,43.361293],[5.305637,43.361158],[5.305502,43.361279],[5.304758,43.36116],[5.304796,43.361063],[5.305146,43.361084],[5.299444,43.3602],[5.299463,43.360141],[5.2958,43.359575],[5.295544,43.359585],[5.295375,43.359311],[5.293872,43.359764],[5.293706,43.359642],[5.294271,43.359106],[5.295517,43.35838],[5.29593,43.358242],[5.296496,43.358247],[5.302053,43.359023],[5.30216,43.359149],[5.302212,43.359023],[5.303441,43.358912],[5.303635,43.358868],[5.303667,43.35877],[5.302208,43.358907],[5.295846,43.357917],[5.295408,43.358072],[5.294835,43.358436],[5.294491,43.35849],[5.293495,43.358368],[5.293442,43.358317],[5.293541,43.3582],[5.293388,43.358292],[5.293191,43.358086],[5.293224,43.357973],[5.293328,43.35798],[5.293322,43.357894],[5.292912,43.357873],[5.292624,43.357999],[5.292843,43.357976],[5.293168,43.358378],[5.292813,43.358592],[5.292673,43.358427],[5.292564,43.358477],[5.292673,43.358609],[5.292524,43.358575],[5.291135,43.358085],[5.290897,43.357561],[5.290955,43.35737],[5.291545,43.357277],[5.296221,43.357189],[5.296635,43.357114],[5.296668,43.357046],[5.296343,43.357109],[5.294427,43.357092],[5.291879,43.357174],[5.28969,43.357113],[5.289557,43.357189],[5.289597,43.357392],[5.290105,43.357361],[5.289969,43.357704],[5.289912,43.357755],[5.289126,43.357649],[5.288808,43.357492],[5.288774,43.357353],[5.288571,43.357209],[5.288525,43.35708],[5.288105,43.356795],[5.287885,43.35626],[5.287815,43.35583],[5.28764,43.3556],[5.287412,43.355497],[5.287367,43.355387],[5.287091,43.355205],[5.286649,43.355159],[5.286508,43.355002],[5.286038,43.355186],[5.285777,43.355099],[5.285162,43.355081],[5.2844,43.354541],[5.284066,43.354383],[5.283935,43.354425],[5.283805,43.35422],[5.283401,43.353933],[5.282844,43.353775],[5.282249,43.353706],[5.282479,43.354482],[5.283195,43.355973],[5.282639,43.356448],[5.281515,43.356863],[5.281181,43.357601],[5.280617,43.358096],[5.280658,43.358298],[5.280144,43.359225],[5.280129,43.35954],[5.27991,43.359619],[5.279758,43.359821],[5.279728,43.360086],[5.279788,43.360328],[5.279915,43.360494],[5.279589,43.361035],[5.279565,43.361333],[5.279299,43.361494],[5.279097,43.361731],[5.278984,43.362123],[5.27903,43.362588],[5.278119,43.363504],[5.278022,43.364291],[5.278213,43.364547],[5.278329,43.36496],[5.278547,43.365125],[5.278752,43.365723],[5.278156,43.3662],[5.278133,43.366417],[5.279185,43.368107],[5.279269,43.369548],[5.279932,43.370727],[5.280553,43.370902],[5.281878,43.371451],[5.282446,43.371534],[5.2831,43.371771],[5.284048,43.37249],[5.284243,43.373146],[5.284686,43.374071],[5.285443,43.374312],[5.284998,43.374785],[5.284524,43.375004],[5.283154,43.375354],[5.282956,43.375439],[5.282657,43.375709],[5.282428,43.376004],[5.282239,43.37656],[5.282322,43.376732],[5.282243,43.376883],[5.282249,43.377156],[5.281616,43.377231],[5.281114,43.378349],[5.280741,43.378828],[5.27992,43.379207],[5.279586,43.379227],[5.279671,43.379405],[5.279438,43.379562],[5.279012,43.379497],[5.27898,43.380149],[5.278783,43.380454],[5.280681,43.38023],[5.281195,43.380295],[5.281555,43.380933],[5.281793,43.3812],[5.281547,43.381939],[5.283011,43.382299],[5.283537,43.382354],[5.284989,43.383103],[5.285898,43.383422],[5.285516,43.384195],[5.285755,43.384389],[5.287267,43.384615],[5.287833,43.384897],[5.288405,43.384841],[5.288792,43.38495],[5.289983,43.38494],[5.290902,43.385259],[5.292904,43.385127],[5.293373,43.385522],[5.293141,43.385968],[5.293152,43.386099],[5.293831,43.386752],[5.293943,43.387107],[5.294105,43.387281],[5.294853,43.38782],[5.295205,43.387859],[5.29597,43.388227],[5.296556,43.388732],[5.296957,43.388945],[5.297241,43.388956],[5.297977,43.388777],[5.298125,43.388507],[5.298872,43.38766],[5.298927,43.387046],[5.29987,43.386959],[5.300664,43.386984],[5.301293,43.386788],[5.302222,43.386984],[5.303124,43.385907],[5.30344,43.385325],[5.304076,43.384756],[5.304001,43.38445],[5.303985,43.383639],[5.303797,43.383289],[5.30374,43.382916],[5.303796,43.382722],[5.304063,43.382582],[5.30408,43.382421],[5.304226,43.382249],[5.304099,43.381963],[5.30397,43.381078],[5.303687,43.380833],[5.302523,43.380111],[5.303513,43.376778],[5.303156,43.375885],[5.306372,43.370414],[5.306431,43.370104],[5.30713,43.369432],[5.307265,43.369114],[5.307291,43.368935],[5.306917,43.368753],[5.306,43.367933],[5.306541,43.367635],[5.306708,43.367223],[5.307039,43.366927],[5.307059,43.366828],[5.30662,43.365759],[5.30662,43.365619],[5.307383,43.365267],[5.308414,43.36514],[5.308618,43.365075]]]}},{"type":"Feature","properties":{"name":"BAILLE","slug":"baille","arrondissement":5,"center":[5.398746,43.288494]},"geometry":{"type":"Polygon","coordinates":[[[5.396199,43.285697],[5.396332,43.285032],[5.395088,43.284917],[5.395033,43.284808],[5.394425,43.284893],[5.392184,43.28473],[5.390718,43.284878],[5.391373,43.286296],[5.390364,43.286712],[5.390437,43.286874],[5.390068,43.287604],[5.397249,43.289527],[5.396957,43.29018],[5.39785,43.290444],[5.396893,43.292346],[5.399953,43.292717],[5.400303,43.292689],[5.40096,43.292492],[5.401185,43.292568],[5.400952,43.292277],[5.401073,43.292207],[5.401581,43.292184],[5.403371,43.291639],[5.404307,43.29091],[5.404764,43.290703],[5.405986,43.290381],[5.406372,43.287645],[5.403042,43.286573],[5.402363,43.286959],[5.398954,43.28683],[5.398678,43.285968],[5.396438,43.285719],[5.396199,43.285697]]]}},{"type":"Feature","properties":{"name":"LES GOUDES","slug":"les-goudes","arrondissement":8,"center":[5.365011,43.20982]},"geometry":{"type":"MultiPolygon","coordinates":[[[[5.39454,43.169922],[5.394503,43.169877],[5.394561,43.169837],[5.394828,43.169857],[5.395033,43.169709],[5.394586,43.169634],[5.394044,43.169829],[5.394096,43.16994],[5.394315,43.170057],[5.394534,43.170067],[5.394606,43.169968],[5.39454,43.169922]]],[[[5.39399,43.171499],[5.393829,43.171417],[5.393625,43.171474],[5.393771,43.171585],[5.394045,43.171603],[5.394024,43.171534],[5.39399,43.171499]]],[[[5.385344,43.189092],[5.385214,43.18884],[5.385073,43.188851],[5.38492,43.188985],[5.384461,43.188796],[5.384356,43.188616],[5.384427,43.188419],[5.384357,43.188147],[5.384595,43.188177],[5.384721,43.188094],[5.384925,43.188201],[5.385038,43.188128],[5.385135,43.188211],[5.385413,43.188139],[5.385755,43.188189],[5.386262,43.188126],[5.386364,43.18824],[5.386954,43.188378],[5.387218,43.188056],[5.387235,43.187906],[5.387549,43.187693],[5.387677,43.187465],[5.387959,43.187487],[5.388292,43.187347],[5.388348,43.187305],[5.388281,43.187284],[5.388404,43.187223],[5.389218,43.187138],[5.389426,43.187199],[5.389461,43.187158],[5.389292,43.187041],[5.389663,43.186753],[5.391226,43.186513],[5.391541,43.186363],[5.391577,43.186199],[5.390938,43.186026],[5.390251,43.186294],[5.390284,43.186203],[5.390488,43.186096],[5.390485,43.185947],[5.39001,43.185772],[5.389745,43.185793],[5.389421,43.185706],[5.389232,43.185543],[5.389218,43.185409],[5.388978,43.185346],[5.388721,43.185498],[5.388623,43.185437],[5.388411,43.185591],[5.388117,43.185649],[5.388105,43.185796],[5.387635,43.185787],[5.387677,43.185903],[5.387418,43.1859],[5.38737,43.186021],[5.387055,43.185979],[5.387018,43.186085],[5.386592,43.186229],[5.386438,43.18643],[5.386106,43.186665],[5.385701,43.186764],[5.385565,43.186726],[5.38548,43.186793],[5.385336,43.186747],[5.384971,43.187043],[5.38471,43.187089],[5.384519,43.187262],[5.384492,43.187103],[5.384275,43.187102],[5.383493,43.187458],[5.383443,43.187586],[5.383506,43.187655],[5.383288,43.187783],[5.383132,43.188058],[5.383184,43.18851],[5.383276,43.188506],[5.383246,43.188586],[5.382462,43.188671],[5.381596,43.189134],[5.381588,43.189197],[5.381841,43.189292],[5.381577,43.1893],[5.381281,43.189526],[5.381481,43.189475],[5.381532,43.189552],[5.381254,43.189706],[5.381296,43.190146],[5.381393,43.190208],[5.382066,43.190208],[5.382096,43.190267],[5.381883,43.19043],[5.381989,43.190506],[5.382262,43.190385],[5.382474,43.190504],[5.383312,43.190343],[5.383857,43.190136],[5.384086,43.189941],[5.384503,43.189902],[5.38493,43.189674],[5.384997,43.189529],[5.384934,43.189476],[5.385337,43.18911],[5.385344,43.189092]]],[[[5.389404,43.184755],[5.389446,43.184681],[5.389384,43.184646],[5.389149,43.18472],[5.389336,43.18478],[5.389404,43.184755]]],[[[5.33809,43.207556],[5.337932,43.207496],[5.337852,43.207581],[5.338002,43.207639],[5.338104,43.207585],[5.33809,43.207556]]],[[[5.363035,43.207057],[5.362927,43.207022],[5.362815,43.207121],[5.362887,43.20716],[5.363053,43.207098],[5.363035,43.207057]]],[[[5.402253,43.175923],[5.4018,43.17578],[5.401413,43.175492],[5.401441,43.175415],[5.401205,43.175275],[5.400571,43.175167],[5.400239,43.175322],[5.400354,43.175627],[5.400125,43.175825],[5.399878,43.17586],[5.399962,43.175961],[5.400173,43.175932],[5.400633,43.176163],[5.400588,43.176271],[5.40074,43.176385],[5.400822,43.176565],[5.401123,43.176591],[5.401182,43.176481],[5.401397,43.176425],[5.401744,43.176556],[5.40207,43.176558],[5.402349,43.176734],[5.402474,43.176661],[5.402505,43.176469],[5.402685,43.176294],[5.402325,43.175956],[5.402253,43.175923]]],[[[5.370517,43.176698],[5.370556,43.176592],[5.370707,43.176524],[5.370575,43.176453],[5.369974,43.176638],[5.370017,43.176834],[5.370226,43.176997],[5.370495,43.176728],[5.370517,43.176698]]],[[[5.368622,43.177955],[5.368448,43.177878],[5.368641,43.177981],[5.368622,43.177955]]],[[[5.382564,43.190625],[5.382594,43.190523],[5.382391,43.190592],[5.382531,43.19065],[5.382564,43.190625]]],[[[5.231428,43.198796],[5.231426,43.198622],[5.231051,43.19853],[5.230073,43.198513],[5.229962,43.198343],[5.229775,43.198361],[5.229603,43.19826],[5.22905,43.197669],[5.228803,43.197584],[5.228732,43.197641],[5.228873,43.198202],[5.229141,43.198553],[5.228819,43.19899],[5.228836,43.199128],[5.2293,43.199248],[5.229873,43.199198],[5.230021,43.199302],[5.230306,43.199356],[5.230703,43.199319],[5.230633,43.199073],[5.231316,43.199047],[5.231419,43.198938],[5.231396,43.198826],[5.231428,43.198796]]],[[[5.35856,43.199168],[5.358479,43.199129],[5.358556,43.199223],[5.35856,43.199168]]],[[[5.337693,43.207254],[5.337509,43.20717],[5.337438,43.207232],[5.337486,43.2073],[5.337672,43.207277],[5.337693,43.207254]]],[[[5.32778,43.214053],[5.327865,43.214001],[5.327912,43.213822],[5.328173,43.213739],[5.328087,43.213648],[5.327744,43.213589],[5.327567,43.21338],[5.327403,43.213318],[5.327277,43.213418],[5.327017,43.213447],[5.326978,43.213563],[5.326552,43.21357],[5.326356,43.213441],[5.326061,43.213454],[5.325902,43.213561],[5.325445,43.213548],[5.32534,43.213652],[5.325051,43.213686],[5.325182,43.21376],[5.325809,43.213805],[5.325985,43.213918],[5.325957,43.214292],[5.32587,43.21432],[5.325443,43.214858],[5.325552,43.214974],[5.325782,43.214861],[5.325936,43.214703],[5.325971,43.214529],[5.326059,43.214488],[5.326622,43.214534],[5.32709,43.214785],[5.327542,43.214815],[5.327941,43.214554],[5.327598,43.21418],[5.327743,43.214098],[5.32778,43.214053]]],[[[5.396497,43.178994],[5.396758,43.178725],[5.396336,43.178674],[5.395844,43.178755],[5.395683,43.178849],[5.395722,43.178977],[5.395371,43.179126],[5.395509,43.179216],[5.395972,43.179182],[5.396351,43.179112],[5.39647,43.179028],[5.396497,43.178994]]],[[[5.361666,43.196973],[5.361562,43.196927],[5.361592,43.197011],[5.36167,43.196993],[5.361666,43.196973]]],[[[5.381556,43.209718],[5.380886,43.209739],[5.380748,43.209875],[5.380666,43.209725],[5.380524,43.209644],[5.380227,43.209678],[5.380275,43.209789],[5.380202,43.2098],[5.380358,43.209868],[5.380223,43.209877],[5.38028,43.209996],[5.380178,43.209935],[5.380272,43.210141],[5.380087,43.210369],[5.380172,43.210407],[5.380211,43.21054],[5.379944,43.210648],[5.379637,43.210377],[5.37893,43.210199],[5.378283,43.21021],[5.377874,43.210104],[5.377856,43.210034],[5.377564,43.210037],[5.377289,43.209932],[5.376826,43.209951],[5.37657,43.210082],[5.376247,43.209962],[5.375512,43.209895],[5.375488,43.209795],[5.375226,43.209792],[5.374162,43.209234],[5.374147,43.209176],[5.374237,43.209189],[5.374259,43.209116],[5.3742,43.208874],[5.374022,43.208726],[5.373613,43.208568],[5.373428,43.208713],[5.373274,43.208583],[5.37329,43.208494],[5.372783,43.208473],[5.372515,43.20859],[5.372738,43.208671],[5.372616,43.208674],[5.372528,43.208782],[5.372519,43.20895],[5.372702,43.209169],[5.372671,43.209375],[5.372336,43.209589],[5.372044,43.209667],[5.371463,43.209133],[5.371361,43.208874],[5.371183,43.208822],[5.371107,43.20872],[5.371284,43.208616],[5.371242,43.208415],[5.370761,43.208112],[5.37053,43.208138],[5.370384,43.208064],[5.370375,43.207795],[5.370187,43.207604],[5.370119,43.207773],[5.370231,43.207855],[5.369943,43.207757],[5.369556,43.207882],[5.369274,43.20781],[5.369187,43.207594],[5.368785,43.207463],[5.36875,43.207359],[5.368325,43.207559],[5.368129,43.207508],[5.368007,43.207659],[5.367681,43.207683],[5.367362,43.207599],[5.367169,43.207637],[5.366887,43.207456],[5.366195,43.207385],[5.365829,43.207369],[5.36581,43.207456],[5.3656,43.207479],[5.365265,43.207426],[5.365206,43.207335],[5.364821,43.207291],[5.364426,43.207337],[5.363906,43.207273],[5.36327,43.207399],[5.363221,43.207311],[5.363047,43.207329],[5.362841,43.207362],[5.363134,43.207478],[5.36304,43.207597],[5.363102,43.207615],[5.362744,43.207786],[5.362755,43.207861],[5.362594,43.207878],[5.36251,43.207988],[5.361983,43.208199],[5.361473,43.208557],[5.361527,43.208681],[5.361445,43.20867],[5.361274,43.208807],[5.361281,43.2089],[5.361449,43.209046],[5.361284,43.209043],[5.361558,43.209655],[5.361166,43.209176],[5.360784,43.209298],[5.360448,43.209279],[5.359589,43.208971],[5.358861,43.208858],[5.358754,43.208897],[5.358191,43.208644],[5.357876,43.208634],[5.357701,43.208499],[5.357605,43.208597],[5.357446,43.208578],[5.357303,43.208441],[5.357058,43.208391],[5.356886,43.208504],[5.357053,43.208601],[5.357049,43.208693],[5.356753,43.20866],[5.356618,43.208794],[5.356231,43.208945],[5.355312,43.208792],[5.355333,43.208976],[5.355219,43.209103],[5.35493,43.209134],[5.35474,43.209289],[5.354486,43.209188],[5.354523,43.20931],[5.354376,43.2094],[5.354126,43.20941],[5.354164,43.209538],[5.353599,43.209638],[5.353689,43.209733],[5.353772,43.210078],[5.353575,43.210104],[5.35313,43.209945],[5.353048,43.209977],[5.353239,43.210044],[5.353192,43.210221],[5.353267,43.210415],[5.353197,43.210467],[5.353105,43.210479],[5.352853,43.210228],[5.352297,43.210151],[5.352088,43.21031],[5.352102,43.210437],[5.352674,43.210651],[5.352592,43.2108],[5.352862,43.21109],[5.352797,43.211184],[5.352836,43.211244],[5.353022,43.211308],[5.352855,43.211525],[5.352994,43.211686],[5.352891,43.21181],[5.352948,43.211854],[5.352822,43.211961],[5.352841,43.212205],[5.353566,43.212376],[5.353812,43.212297],[5.353899,43.212352],[5.353605,43.212486],[5.352714,43.212374],[5.352484,43.212228],[5.352493,43.212125],[5.352344,43.211949],[5.352398,43.21182],[5.351979,43.211862],[5.352173,43.211703],[5.352043,43.211586],[5.35157,43.211327],[5.350967,43.211148],[5.350724,43.211166],[5.350408,43.211235],[5.350358,43.211276],[5.350462,43.211332],[5.350416,43.211372],[5.350194,43.211397],[5.35023,43.211449],[5.350057,43.211576],[5.350133,43.211623],[5.350155,43.211727],[5.350101,43.211761],[5.350169,43.211794],[5.349943,43.211884],[5.349761,43.211765],[5.349533,43.211851],[5.349532,43.211919],[5.349639,43.211951],[5.349522,43.211998],[5.349592,43.212125],[5.349504,43.21214],[5.349485,43.212236],[5.349218,43.212239],[5.349255,43.212284],[5.349205,43.212298],[5.348986,43.212201],[5.348714,43.211921],[5.348388,43.211845],[5.348204,43.211916],[5.348258,43.212009],[5.347855,43.212008],[5.347774,43.212141],[5.34785,43.212182],[5.347791,43.212195],[5.34782,43.2123],[5.347689,43.212253],[5.347597,43.212311],[5.347734,43.212402],[5.347599,43.212435],[5.347659,43.212503],[5.347511,43.212498],[5.347261,43.212706],[5.347368,43.212885],[5.347216,43.212905],[5.347236,43.213034],[5.347008,43.212961],[5.346723,43.212743],[5.346409,43.212752],[5.34628,43.212601],[5.346128,43.21256],[5.345993,43.2126],[5.345884,43.212838],[5.345739,43.212923],[5.345679,43.212831],[5.345526,43.212819],[5.345511,43.212636],[5.345318,43.212396],[5.345184,43.212339],[5.345264,43.212191],[5.34513,43.212172],[5.345076,43.212248],[5.344811,43.212157],[5.344503,43.212196],[5.344588,43.212381],[5.344496,43.212308],[5.34445,43.212359],[5.344063,43.212279],[5.344211,43.212376],[5.34355,43.212523],[5.343439,43.21248],[5.343339,43.212545],[5.343358,43.212611],[5.342585,43.21258],[5.342103,43.212653],[5.342032,43.212781],[5.341608,43.212771],[5.341233,43.213081],[5.341286,43.213193],[5.341383,43.213221],[5.341244,43.213312],[5.341345,43.213459],[5.341171,43.213594],[5.341058,43.213598],[5.341134,43.213674],[5.340993,43.213785],[5.340582,43.213911],[5.340206,43.213811],[5.340143,43.213853],[5.340085,43.213738],[5.339905,43.213814],[5.339805,43.213582],[5.33917,43.213472],[5.339079,43.213561],[5.339004,43.213508],[5.338939,43.213566],[5.338947,43.21351],[5.33874,43.213611],[5.338325,43.213646],[5.338229,43.21369],[5.338217,43.213912],[5.337782,43.213814],[5.337604,43.214037],[5.337446,43.213948],[5.337338,43.213698],[5.337346,43.213533],[5.336978,43.213685],[5.336845,43.214119],[5.336637,43.214353],[5.336683,43.214528],[5.336437,43.214637],[5.336667,43.214725],[5.336239,43.214798],[5.336052,43.214947],[5.336287,43.214977],[5.336446,43.214896],[5.33656,43.215043],[5.337053,43.215046],[5.337291,43.215129],[5.337299,43.214987],[5.33739,43.214921],[5.337481,43.214959],[5.337659,43.214793],[5.337749,43.214804],[5.337743,43.214679],[5.337856,43.214525],[5.338098,43.214421],[5.338312,43.214526],[5.338392,43.214376],[5.33864,43.214392],[5.33882,43.21428],[5.338907,43.214405],[5.339011,43.214366],[5.339036,43.214429],[5.339198,43.214309],[5.339202,43.214432],[5.339408,43.214512],[5.339401,43.214402],[5.339513,43.214318],[5.339724,43.214305],[5.339861,43.214509],[5.339838,43.214717],[5.340036,43.214644],[5.340215,43.214291],[5.340304,43.214355],[5.340381,43.214591],[5.340736,43.214548],[5.340746,43.214461],[5.340943,43.214385],[5.341059,43.214658],[5.340954,43.214882],[5.34099,43.214983],[5.341061,43.214991],[5.342453,43.214862],[5.34294,43.214623],[5.343008,43.214823],[5.342808,43.215119],[5.342079,43.215404],[5.342073,43.215572],[5.341967,43.215531],[5.341769,43.215703],[5.341833,43.215751],[5.341774,43.215815],[5.341936,43.215896],[5.341843,43.216401],[5.342472,43.216728],[5.342785,43.216753],[5.342987,43.216727],[5.343293,43.216487],[5.343867,43.216595],[5.343888,43.216494],[5.344183,43.216456],[5.344118,43.2164],[5.344249,43.216278],[5.344336,43.216297],[5.344664,43.216741],[5.344776,43.217029],[5.344876,43.217054],[5.344943,43.216857],[5.344606,43.216345],[5.345581,43.216029],[5.344756,43.215899],[5.34487,43.215661],[5.345232,43.215411],[5.345758,43.215318],[5.345837,43.215245],[5.346309,43.215383],[5.346408,43.215617],[5.346217,43.215656],[5.346102,43.215758],[5.346092,43.215899],[5.346204,43.216001],[5.346007,43.216681],[5.345815,43.216819],[5.345339,43.216802],[5.345947,43.216954],[5.346045,43.217161],[5.345943,43.21719],[5.346031,43.217241],[5.345892,43.217283],[5.345878,43.217441],[5.345693,43.217551],[5.345734,43.217647],[5.345551,43.217715],[5.345652,43.217889],[5.345482,43.217951],[5.345512,43.218047],[5.345331,43.218231],[5.345455,43.218291],[5.34548,43.218397],[5.345386,43.218388],[5.345317,43.218591],[5.345098,43.218718],[5.345148,43.218783],[5.344937,43.218962],[5.344971,43.219123],[5.345124,43.219171],[5.34522,43.219294],[5.344965,43.219442],[5.344797,43.219678],[5.344972,43.219787],[5.345018,43.219908],[5.345499,43.220126],[5.345783,43.220162],[5.3461,43.220089],[5.345916,43.220284],[5.346044,43.220431],[5.345821,43.220369],[5.345704,43.220408],[5.345738,43.220526],[5.345267,43.220525],[5.345021,43.220669],[5.345068,43.220909],[5.344984,43.221091],[5.345134,43.221391],[5.344941,43.221542],[5.344846,43.221797],[5.345013,43.221936],[5.34497,43.222225],[5.345086,43.222345],[5.345006,43.222414],[5.345322,43.222455],[5.345243,43.222558],[5.345398,43.22273],[5.345628,43.222779],[5.345434,43.222898],[5.345408,43.223092],[5.345214,43.223419],[5.34545,43.223609],[5.34565,43.223546],[5.346272,43.223607],[5.346296,43.223683],[5.346202,43.223744],[5.345688,43.223951],[5.345959,43.224067],[5.345916,43.22427],[5.346226,43.224331],[5.346,43.224342],[5.345997,43.224425],[5.346268,43.224666],[5.346568,43.224758],[5.346605,43.22491],[5.346758,43.22483],[5.346855,43.224992],[5.347016,43.225064],[5.347467,43.225041],[5.34781,43.225151],[5.347877,43.225055],[5.348055,43.22504],[5.348291,43.2252],[5.348122,43.225445],[5.347899,43.225396],[5.347861,43.225263],[5.347424,43.225187],[5.346916,43.225437],[5.352067,43.226887],[5.35395,43.227199],[5.354802,43.226472],[5.356654,43.226149],[5.356697,43.226054],[5.357212,43.225938],[5.358191,43.225954],[5.358492,43.225886],[5.359022,43.226007],[5.359233,43.225959],[5.359344,43.225718],[5.35918,43.225524],[5.359658,43.225155],[5.360034,43.224988],[5.36007,43.224873],[5.360217,43.22483],[5.360256,43.224638],[5.360526,43.224319],[5.360804,43.224221],[5.361043,43.224236],[5.361383,43.223996],[5.361687,43.223994],[5.361948,43.224089],[5.362128,43.223644],[5.362424,43.223516],[5.363677,43.223396],[5.363728,43.223274],[5.364173,43.223093],[5.364402,43.222886],[5.364793,43.22292],[5.364845,43.222662],[5.365253,43.222696],[5.365515,43.222559],[5.365707,43.222016],[5.366276,43.221504],[5.366413,43.221569],[5.366516,43.221779],[5.367574,43.222352],[5.367762,43.222553],[5.368088,43.222732],[5.368047,43.222894],[5.368689,43.222854],[5.36906,43.222692],[5.369819,43.222562],[5.3703,43.222535],[5.371148,43.222666],[5.371267,43.222832],[5.371541,43.222971],[5.372278,43.223229],[5.372286,43.22334],[5.372781,43.223734],[5.372931,43.224088],[5.37285,43.224398],[5.373467,43.224641],[5.373805,43.224542],[5.37483,43.224633],[5.375714,43.224344],[5.376592,43.223727],[5.376638,43.223842],[5.376896,43.223849],[5.377295,43.223681],[5.377839,43.223649],[5.378273,43.223425],[5.37888,43.223444],[5.379366,43.22324],[5.380003,43.223218],[5.380719,43.222917],[5.381301,43.222771],[5.38161,43.222788],[5.382263,43.223236],[5.383388,43.223471],[5.383555,43.223434],[5.383625,43.22339],[5.381646,43.210399],[5.381556,43.209718]]],[[[5.33972,43.211621],[5.339513,43.211514],[5.339671,43.211003],[5.339587,43.210881],[5.339745,43.210566],[5.340028,43.210369],[5.339924,43.210247],[5.340026,43.210068],[5.339951,43.209997],[5.340042,43.209933],[5.340132,43.209654],[5.340042,43.20959],[5.340072,43.209131],[5.339727,43.209076],[5.339615,43.208729],[5.33923,43.208537],[5.339088,43.208349],[5.338897,43.208295],[5.338913,43.208163],[5.338576,43.208113],[5.338371,43.207903],[5.338274,43.20796],[5.338294,43.208079],[5.338021,43.20816],[5.338243,43.208443],[5.338145,43.208396],[5.337938,43.208438],[5.337783,43.208602],[5.337739,43.208853],[5.337006,43.209032],[5.336003,43.208907],[5.335966,43.208965],[5.336133,43.209047],[5.335676,43.209221],[5.335783,43.209386],[5.335412,43.209375],[5.335137,43.209499],[5.335302,43.209671],[5.33501,43.209771],[5.335004,43.209837],[5.334863,43.209828],[5.334812,43.209933],[5.334555,43.209805],[5.33432,43.209863],[5.334094,43.209734],[5.333763,43.20976],[5.333697,43.209699],[5.333729,43.209623],[5.33362,43.209643],[5.333556,43.209575],[5.333677,43.209466],[5.333569,43.209403],[5.333184,43.20972],[5.333202,43.209846],[5.333105,43.209947],[5.332919,43.210038],[5.332731,43.210034],[5.332409,43.210265],[5.332739,43.21035],[5.332992,43.210568],[5.33291,43.210612],[5.332599,43.210706],[5.332445,43.210597],[5.331991,43.210639],[5.33187,43.210714],[5.331929,43.210815],[5.331187,43.211004],[5.330974,43.210851],[5.331047,43.210799],[5.331007,43.210722],[5.331235,43.210702],[5.331125,43.210635],[5.330867,43.210624],[5.330807,43.210746],[5.330389,43.210818],[5.330213,43.211002],[5.330355,43.211066],[5.329783,43.211134],[5.329301,43.211383],[5.329216,43.211503],[5.329421,43.211796],[5.328654,43.211908],[5.328785,43.212214],[5.32854,43.212345],[5.328579,43.212445],[5.328964,43.212555],[5.330026,43.212554],[5.330182,43.212489],[5.330223,43.212374],[5.33038,43.212444],[5.330373,43.212508],[5.330896,43.212585],[5.330908,43.21252],[5.331025,43.21262],[5.332309,43.212744],[5.332451,43.212854],[5.332682,43.212836],[5.332772,43.212879],[5.332781,43.213001],[5.332904,43.213012],[5.333713,43.212809],[5.333811,43.212716],[5.334147,43.212622],[5.334278,43.212741],[5.334894,43.212749],[5.335164,43.212594],[5.335341,43.212602],[5.335311,43.212509],[5.335469,43.212492],[5.335927,43.212547],[5.336021,43.212659],[5.336291,43.21273],[5.336249,43.212791],[5.33643,43.212723],[5.336738,43.212833],[5.336994,43.212778],[5.337803,43.212861],[5.338601,43.212611],[5.33864,43.212449],[5.339243,43.212164],[5.33913,43.212302],[5.339233,43.212296],[5.339343,43.21212],[5.339476,43.212176],[5.339651,43.211881],[5.339755,43.211872],[5.339771,43.211677],[5.33972,43.211621]]],[[[5.337674,43.213526],[5.337544,43.213435],[5.337406,43.213556],[5.337461,43.213617],[5.338004,43.213595],[5.337726,43.213542],[5.337674,43.213526]]],[[[5.358053,43.208566],[5.357844,43.208476],[5.357948,43.208616],[5.358078,43.208592],[5.358053,43.208566]]],[[[5.37826,43.210156],[5.378211,43.21006],[5.378136,43.210104],[5.3782,43.21017],[5.37826,43.210156]]],[[[5.393139,43.172741],[5.392982,43.172716],[5.393014,43.172784],[5.393161,43.172769],[5.393139,43.172741]]],[[[5.358354,43.200347],[5.35838,43.199909],[5.358307,43.19985],[5.35843,43.19979],[5.358526,43.199583],[5.358475,43.199394],[5.357993,43.199516],[5.357841,43.19965],[5.357395,43.199646],[5.357343,43.19957],[5.357024,43.199553],[5.356644,43.19961],[5.356382,43.199846],[5.356432,43.200088],[5.356287,43.200212],[5.355853,43.200367],[5.355747,43.200531],[5.355369,43.200751],[5.355319,43.200847],[5.355395,43.200916],[5.355332,43.201035],[5.355167,43.201132],[5.355205,43.201334],[5.355363,43.201358],[5.355481,43.201462],[5.355638,43.20137],[5.355804,43.20148],[5.355942,43.201365],[5.355648,43.201159],[5.355666,43.201045],[5.35582,43.200977],[5.356063,43.201086],[5.355991,43.200921],[5.356166,43.20091],[5.356273,43.200729],[5.356513,43.200623],[5.356599,43.200827],[5.356794,43.20075],[5.356859,43.200819],[5.356909,43.200762],[5.35714,43.201039],[5.357278,43.201032],[5.357381,43.201144],[5.357355,43.20132],[5.357476,43.201365],[5.357704,43.201044],[5.357685,43.200977],[5.357529,43.200928],[5.357493,43.200729],[5.357829,43.200549],[5.358258,43.200576],[5.358339,43.200493],[5.358324,43.200383],[5.358354,43.200347]]],[[[5.397507,43.174773],[5.397911,43.174412],[5.39817,43.174341],[5.398308,43.174225],[5.398693,43.173735],[5.398251,43.173867],[5.398022,43.173829],[5.398119,43.173487],[5.397918,43.173406],[5.398153,43.173172],[5.398119,43.173088],[5.397823,43.172999],[5.396685,43.173193],[5.395897,43.173216],[5.395431,43.173114],[5.394344,43.173242],[5.39351,43.17303],[5.392557,43.172977],[5.392471,43.172834],[5.390875,43.172913],[5.389882,43.172705],[5.389264,43.172747],[5.388795,43.172851],[5.388598,43.172963],[5.387792,43.17299],[5.387614,43.17308],[5.387435,43.173009],[5.387251,43.173165],[5.387121,43.17318],[5.386394,43.1731],[5.386403,43.17294],[5.386537,43.172706],[5.386391,43.17261],[5.386225,43.17274],[5.385791,43.172825],[5.385806,43.173138],[5.385404,43.173236],[5.385381,43.173353],[5.384705,43.173645],[5.385529,43.173624],[5.385586,43.173672],[5.385524,43.173776],[5.386382,43.173928],[5.386449,43.173847],[5.386579,43.173987],[5.386046,43.174022],[5.385589,43.173965],[5.385595,43.174093],[5.385414,43.174185],[5.385455,43.174306],[5.384963,43.174354],[5.385043,43.174501],[5.384391,43.174503],[5.383844,43.174765],[5.383784,43.174716],[5.382935,43.174915],[5.382154,43.174779],[5.381821,43.174835],[5.381365,43.174749],[5.381418,43.175003],[5.381708,43.175193],[5.381699,43.175241],[5.381499,43.17522],[5.381396,43.175458],[5.381478,43.17574],[5.381441,43.175945],[5.381589,43.176263],[5.381459,43.176264],[5.38129,43.176089],[5.3807,43.175856],[5.379679,43.175984],[5.379118,43.175953],[5.37877,43.176008],[5.378471,43.17586],[5.378265,43.175923],[5.378083,43.175705],[5.37774,43.175781],[5.377599,43.175727],[5.376758,43.176208],[5.376274,43.176267],[5.375832,43.17668],[5.375887,43.17681],[5.375631,43.176745],[5.3756,43.176892],[5.375396,43.176957],[5.375308,43.177074],[5.375149,43.176945],[5.37479,43.17688],[5.374428,43.176688],[5.374283,43.176768],[5.373988,43.176743],[5.373615,43.177036],[5.37336,43.176934],[5.373095,43.176983],[5.372891,43.176923],[5.372315,43.177362],[5.372548,43.177454],[5.372976,43.177344],[5.373181,43.177428],[5.37353,43.177443],[5.373094,43.177773],[5.37308,43.177823],[5.373272,43.177919],[5.373204,43.178009],[5.373238,43.178071],[5.372995,43.178108],[5.372832,43.178217],[5.372786,43.178299],[5.372857,43.178438],[5.372645,43.178512],[5.372566,43.178719],[5.3723,43.178879],[5.372337,43.179037],[5.372226,43.179155],[5.371763,43.179457],[5.372015,43.179646],[5.372426,43.179709],[5.37332,43.179558],[5.373525,43.179409],[5.374159,43.179176],[5.374306,43.179063],[5.37454,43.178627],[5.375056,43.178268],[5.374871,43.17858],[5.375082,43.178845],[5.374957,43.178904],[5.375082,43.17899],[5.374983,43.179052],[5.375091,43.179144],[5.375079,43.179221],[5.374905,43.179371],[5.374862,43.179503],[5.375745,43.179594],[5.375874,43.179711],[5.376076,43.179591],[5.376743,43.179574],[5.376884,43.179625],[5.377092,43.179523],[5.377162,43.179639],[5.377558,43.179537],[5.37758,43.179277],[5.377768,43.179572],[5.377712,43.179703],[5.377805,43.179778],[5.378732,43.179813],[5.378796,43.179836],[5.378783,43.179974],[5.37887,43.18001],[5.379558,43.180148],[5.379876,43.180061],[5.379837,43.180174],[5.380288,43.180291],[5.38042,43.180402],[5.380342,43.18047],[5.380554,43.180473],[5.380433,43.180647],[5.380517,43.180739],[5.380726,43.180688],[5.380543,43.180815],[5.380663,43.180829],[5.381214,43.180462],[5.381077,43.180333],[5.381167,43.180253],[5.381719,43.180081],[5.381542,43.179833],[5.381597,43.179702],[5.381886,43.179557],[5.382112,43.179618],[5.382137,43.179513],[5.382609,43.179521],[5.38331,43.179344],[5.383485,43.179117],[5.383698,43.179072],[5.38389,43.179117],[5.384163,43.179484],[5.384452,43.179486],[5.384234,43.179168],[5.383802,43.178856],[5.383736,43.178746],[5.383881,43.17857],[5.384696,43.178701],[5.384891,43.178532],[5.384933,43.178725],[5.385204,43.178889],[5.385981,43.178415],[5.386404,43.178339],[5.386201,43.178603],[5.386298,43.179136],[5.386417,43.179174],[5.387141,43.17875],[5.387301,43.178521],[5.387763,43.178378],[5.387816,43.178268],[5.388034,43.178152],[5.389041,43.177908],[5.389173,43.17781],[5.389299,43.177849],[5.390234,43.177649],[5.391074,43.177128],[5.391995,43.176926],[5.392057,43.176841],[5.391991,43.176706],[5.392032,43.176597],[5.392446,43.176757],[5.393199,43.176662],[5.393958,43.176692],[5.394192,43.176647],[5.394773,43.17634],[5.396203,43.175954],[5.397455,43.174808],[5.397507,43.174773]]],[[[5.379259,43.180377],[5.379238,43.180332],[5.37937,43.18033],[5.379234,43.18026],[5.378852,43.180327],[5.379004,43.180461],[5.379282,43.180419],[5.379259,43.180377]]],[[[5.38036,43.180797],[5.380302,43.180697],[5.380209,43.180711],[5.380158,43.180831],[5.380258,43.180826],[5.38036,43.180797]]],[[[5.379452,43.180235],[5.379346,43.180152],[5.379265,43.180234],[5.379447,43.180273],[5.379452,43.180235]]],[[[5.380251,43.180537],[5.380197,43.180471],[5.380073,43.180512],[5.380174,43.180541],[5.380251,43.180537]]],[[[5.367034,43.197175],[5.367297,43.197137],[5.367423,43.196987],[5.367857,43.196842],[5.367916,43.196758],[5.367857,43.196733],[5.367874,43.196591],[5.367554,43.196599],[5.367975,43.196351],[5.368091,43.196362],[5.368217,43.196175],[5.368378,43.196152],[5.368577,43.195948],[5.369113,43.195853],[5.37005,43.195409],[5.370094,43.195254],[5.370495,43.194866],[5.370732,43.194784],[5.370919,43.194539],[5.371541,43.194174],[5.371672,43.193895],[5.371221,43.193806],[5.370837,43.193892],[5.370569,43.19381],[5.370314,43.194083],[5.369784,43.193885],[5.369421,43.193959],[5.369402,43.194047],[5.369125,43.194056],[5.369259,43.194196],[5.369251,43.194475],[5.368969,43.194621],[5.368753,43.19494],[5.368391,43.195171],[5.367823,43.195147],[5.367585,43.195227],[5.366192,43.195122],[5.366085,43.195311],[5.366193,43.195346],[5.366364,43.195266],[5.366349,43.195442],[5.366014,43.195539],[5.365734,43.195713],[5.365775,43.196008],[5.365467,43.196232],[5.365232,43.196272],[5.365039,43.196211],[5.365071,43.196371],[5.365026,43.196487],[5.364924,43.196524],[5.364687,43.196478],[5.364442,43.196291],[5.3643,43.196438],[5.364059,43.196452],[5.363842,43.19657],[5.363395,43.196582],[5.363288,43.196651],[5.363288,43.196746],[5.363704,43.1968],[5.363723,43.196931],[5.363324,43.196942],[5.363271,43.19706],[5.363137,43.197009],[5.363151,43.197164],[5.363084,43.197229],[5.362381,43.196942],[5.362425,43.196887],[5.362207,43.196856],[5.361918,43.197091],[5.361749,43.197084],[5.361746,43.197289],[5.361367,43.197524],[5.361669,43.197758],[5.361791,43.197663],[5.361928,43.197758],[5.36222,43.19765],[5.362087,43.197869],[5.361641,43.198129],[5.361804,43.198202],[5.361539,43.198387],[5.361546,43.198602],[5.361391,43.198748],[5.361097,43.198897],[5.360963,43.199056],[5.360716,43.199115],[5.360441,43.199073],[5.360091,43.199253],[5.359984,43.199164],[5.359977,43.198998],[5.359576,43.199262],[5.358961,43.199246],[5.35882,43.199342],[5.358861,43.199464],[5.358723,43.199513],[5.358682,43.199603],[5.358528,43.199621],[5.358711,43.199775],[5.359048,43.199709],[5.359094,43.199849],[5.359379,43.199837],[5.359512,43.200038],[5.360003,43.200033],[5.36056,43.19972],[5.360823,43.199468],[5.361141,43.199449],[5.361253,43.19921],[5.361223,43.199413],[5.361098,43.199508],[5.361126,43.199667],[5.361378,43.199843],[5.361666,43.199822],[5.361754,43.200134],[5.361885,43.20011],[5.361948,43.2002],[5.362557,43.199942],[5.362845,43.199969],[5.363221,43.199758],[5.363219,43.199617],[5.363369,43.199456],[5.363713,43.19931],[5.363735,43.199175],[5.36362,43.199019],[5.363702,43.198818],[5.363669,43.198688],[5.363823,43.198596],[5.364052,43.198602],[5.364256,43.198442],[5.364248,43.198646],[5.364381,43.198724],[5.365019,43.198566],[5.365055,43.198401],[5.364962,43.198064],[5.365035,43.197981],[5.365316,43.198068],[5.365465,43.197903],[5.365575,43.197887],[5.365593,43.197792],[5.365818,43.197864],[5.365878,43.197723],[5.366032,43.197791],[5.366093,43.197654],[5.366262,43.19764],[5.366323,43.197537],[5.366396,43.197588],[5.366805,43.197546],[5.366922,43.19748],[5.366866,43.197359],[5.366912,43.197259],[5.367031,43.197205],[5.367034,43.197175]]],[[[5.371535,43.193802],[5.371463,43.193755],[5.371351,43.1938],[5.371495,43.193835],[5.371535,43.193802]]]]}},{"type":"Feature","properties":{"name":"LE CABOT","slug":"le-cabot","arrondissement":9,"center":[5.419882,43.258774]},"geometry":{"type":"Polygon","coordinates":[[[5.420126,43.255144],[5.420383,43.254707],[5.421713,43.253333],[5.42187,43.253076],[5.421904,43.252618],[5.421762,43.25258],[5.421728,43.252454],[5.421922,43.252357],[5.422201,43.250145],[5.422416,43.249775],[5.422334,43.249827],[5.422131,43.249732],[5.422178,43.249555],[5.422115,43.249355],[5.422409,43.249227],[5.422099,43.2486],[5.422204,43.24855],[5.422075,43.24808],[5.420342,43.247587],[5.420249,43.247432],[5.420263,43.246869],[5.419581,43.245996],[5.417781,43.24594],[5.414566,43.245617],[5.415569,43.246027],[5.415463,43.246093],[5.416112,43.246837],[5.416896,43.247299],[5.416643,43.247681],[5.416238,43.247921],[5.416086,43.248684],[5.416095,43.248836],[5.416414,43.249422],[5.416551,43.250073],[5.41611,43.250476],[5.415747,43.250575],[5.415382,43.250802],[5.414852,43.251923],[5.414876,43.252346],[5.41479,43.252601],[5.414523,43.25283],[5.413809,43.253173],[5.413193,43.253831],[5.412196,43.255096],[5.411615,43.256091],[5.410723,43.256945],[5.410655,43.257064],[5.410941,43.257077],[5.410976,43.257208],[5.410494,43.257833],[5.410288,43.257883],[5.411999,43.25856],[5.412555,43.258836],[5.413198,43.259278],[5.413801,43.259558],[5.415855,43.260181],[5.414798,43.261432],[5.414402,43.261755],[5.41636,43.262331],[5.415133,43.264261],[5.414744,43.264688],[5.414229,43.264971],[5.415116,43.265651],[5.414837,43.265875],[5.414854,43.266627],[5.414767,43.266724],[5.414824,43.267201],[5.41497,43.267541],[5.41498,43.268252],[5.417353,43.268045],[5.418319,43.268058],[5.41981,43.267904],[5.421745,43.267491],[5.422383,43.267291],[5.422951,43.267213],[5.424141,43.266873],[5.424856,43.266797],[5.425921,43.266501],[5.426952,43.266461],[5.429785,43.265582],[5.429634,43.2655],[5.429415,43.265524],[5.42942,43.265367],[5.429766,43.265296],[5.428912,43.264332],[5.42887,43.263991],[5.429023,43.262669],[5.429272,43.261791],[5.429188,43.26132],[5.429432,43.260473],[5.429274,43.260074],[5.428221,43.259053],[5.42749,43.258712],[5.424226,43.258054],[5.423675,43.258526],[5.423204,43.258377],[5.422124,43.257658],[5.422194,43.256634],[5.422962,43.256265],[5.422994,43.256156],[5.422891,43.255774],[5.422602,43.255651],[5.421535,43.255939],[5.421056,43.255889],[5.420796,43.25572],[5.420265,43.255586],[5.420214,43.255474],[5.420319,43.255238],[5.420239,43.255178],[5.420126,43.255144]]]}},{"type":"Feature","properties":{"name":"THIERS","slug":"thiers","arrondissement":1,"center":[5.384866,43.297214]},"geometry":{"type":"Polygon","coordinates":[[[5.381492,43.296089],[5.381155,43.29701],[5.381069,43.297606],[5.388755,43.300209],[5.386728,43.296022],[5.386363,43.295995],[5.38556,43.294292],[5.384315,43.294817],[5.382924,43.295535],[5.382212,43.295779],[5.381492,43.296089]]]}},{"type":"Feature","properties":{"name":"ARENC","slug":"arenc","arrondissement":2,"center":[5.357305,43.322633]},"geometry":{"type":"MultiPolygon","coordinates":[[[[5.369134,43.316723],[5.370568,43.31453],[5.367998,43.313763],[5.368787,43.312401],[5.367246,43.311932],[5.36737,43.31138],[5.367311,43.310857],[5.366967,43.309697],[5.366758,43.309424],[5.366093,43.306994],[5.365864,43.306633],[5.36545,43.305262],[5.36294,43.305658],[5.362739,43.305611],[5.363782,43.309088],[5.363371,43.309106],[5.363481,43.309476],[5.363819,43.309421],[5.363851,43.309362],[5.364655,43.312075],[5.364264,43.312134],[5.364055,43.312385],[5.36149,43.311265],[5.360518,43.312439],[5.362178,43.31317],[5.361993,43.313413],[5.3624,43.313583],[5.362585,43.313349],[5.364454,43.314171],[5.364366,43.314346],[5.364632,43.314457],[5.364019,43.315229],[5.361183,43.313961],[5.361082,43.313973],[5.360507,43.314712],[5.36179,43.315286],[5.360972,43.316274],[5.35916,43.315462],[5.358854,43.31582],[5.358735,43.31577],[5.358615,43.315847],[5.358505,43.315983],[5.358657,43.316046],[5.358226,43.316546],[5.361327,43.31794],[5.361116,43.3182],[5.361108,43.318406],[5.357465,43.318204],[5.356701,43.31913],[5.359101,43.320198],[5.358956,43.320377],[5.359397,43.320572],[5.358647,43.321535],[5.359589,43.321948],[5.359803,43.321909],[5.360323,43.321272],[5.36212,43.32206],[5.360199,43.324369],[5.358457,43.323594],[5.358911,43.323006],[5.358623,43.322555],[5.358874,43.322213],[5.357931,43.321794],[5.357705,43.322057],[5.355146,43.320974],[5.354532,43.321773],[5.357248,43.322969],[5.35601,43.32446],[5.355697,43.32432],[5.355538,43.324512],[5.352684,43.323249],[5.352391,43.323596],[5.352194,43.323511],[5.351965,43.323794],[5.352156,43.323881],[5.351853,43.324245],[5.353616,43.32503],[5.349843,43.329558],[5.348039,43.328757],[5.347275,43.329697],[5.350446,43.331091],[5.349822,43.331866],[5.346048,43.332055],[5.345192,43.333078],[5.345216,43.333261],[5.352401,43.332927],[5.352613,43.333028],[5.351135,43.334786],[5.34272,43.335195],[5.341786,43.336321],[5.341802,43.336503],[5.350509,43.336051],[5.351081,43.335954],[5.352173,43.336546],[5.353339,43.336459],[5.354239,43.335932],[5.354586,43.33537],[5.354855,43.333944],[5.354764,43.333589],[5.355472,43.33347],[5.35542,43.332769],[5.355674,43.331955],[5.356814,43.331068],[5.35733,43.330916],[5.358019,43.330476],[5.359093,43.330463],[5.358992,43.330148],[5.359036,43.329331],[5.359212,43.32865],[5.360377,43.327284],[5.36183,43.32506],[5.364042,43.322852],[5.364345,43.32225],[5.364933,43.32159],[5.364953,43.321409],[5.36483,43.320993],[5.365183,43.320359],[5.366167,43.31928],[5.368423,43.316506],[5.369134,43.316723]]],[[[5.351374,43.323291],[5.351465,43.323184],[5.351282,43.323099],[5.35157,43.322746],[5.35078,43.322396],[5.356617,43.315441],[5.357341,43.315753],[5.357962,43.315007],[5.357673,43.314878],[5.357458,43.315133],[5.356893,43.314828],[5.356986,43.314798],[5.357088,43.31461],[5.356988,43.314565],[5.35781,43.313625],[5.357807,43.313516],[5.358032,43.313206],[5.358127,43.31324],[5.358267,43.313077],[5.358169,43.313035],[5.358778,43.312453],[5.359312,43.311801],[5.360075,43.312123],[5.360909,43.311105],[5.360158,43.310782],[5.360906,43.309868],[5.361443,43.309338],[5.361583,43.308998],[5.361542,43.308584],[5.359525,43.303483],[5.358439,43.299863],[5.358329,43.29947],[5.358409,43.299433],[5.358327,43.299227],[5.357852,43.29898],[5.357665,43.299196],[5.352921,43.297057],[5.352826,43.297162],[5.357584,43.299293],[5.357872,43.299577],[5.358227,43.300758],[5.358214,43.301072],[5.358618,43.301887],[5.359135,43.303703],[5.359819,43.305491],[5.35989,43.305964],[5.360011,43.306268],[5.360186,43.306409],[5.360276,43.30661],[5.360312,43.306835],[5.360702,43.307632],[5.360687,43.30777],[5.361003,43.308474],[5.361101,43.308802],[5.361031,43.308965],[5.36081,43.309128],[5.360061,43.310115],[5.356017,43.314863],[5.355721,43.315337],[5.355617,43.315388],[5.355172,43.31599],[5.353156,43.318293],[5.352654,43.318961],[5.351986,43.319652],[5.351081,43.320843],[5.349993,43.322045],[5.349211,43.32306],[5.348692,43.323579],[5.348116,43.324341],[5.347374,43.325145],[5.347171,43.325499],[5.345375,43.327549],[5.345291,43.327745],[5.342427,43.33109],[5.342169,43.331494],[5.339431,43.334638],[5.33844,43.335296],[5.337963,43.335464],[5.336203,43.336333],[5.335987,43.336516],[5.333531,43.337687],[5.332644,43.338498],[5.332693,43.338532],[5.328765,43.341678],[5.328125,43.34211],[5.325039,43.343674],[5.318356,43.347481],[5.318441,43.347547],[5.325009,43.343879],[5.32507,43.34399],[5.325289,43.343949],[5.325379,43.343852],[5.325322,43.343696],[5.32656,43.342993],[5.326863,43.343281],[5.32698,43.343288],[5.326961,43.343179],[5.326644,43.342938],[5.327931,43.342337],[5.328574,43.341953],[5.333871,43.337809],[5.338953,43.33526],[5.339344,43.335374],[5.339789,43.335672],[5.340145,43.335606],[5.341388,43.334612],[5.341334,43.334588],[5.341054,43.334846],[5.340913,43.334781],[5.341105,43.334535],[5.341255,43.334548],[5.340564,43.334241],[5.345422,43.328457],[5.346393,43.328888],[5.346931,43.328278],[5.346043,43.327879],[5.350166,43.322983],[5.351278,43.323406],[5.351374,43.323291]]]]}},{"type":"Feature","properties":{"name":"GRANDS-CARMES","slug":"grands-carmes","arrondissement":2,"center":[5.370983,43.301567]},"geometry":{"type":"Polygon","coordinates":[[[5.368586,43.299308],[5.366318,43.299414],[5.367529,43.302887],[5.369781,43.302408],[5.369839,43.302919],[5.370686,43.303755],[5.371262,43.304485],[5.372179,43.305344],[5.37265,43.305141],[5.372813,43.305257],[5.37451,43.302334],[5.374496,43.301991],[5.374188,43.301742],[5.373995,43.301475],[5.374414,43.301474],[5.374891,43.301611],[5.375021,43.301413],[5.37497,43.301326],[5.374821,43.301285],[5.374328,43.299656],[5.373299,43.299472],[5.37318,43.299414],[5.373126,43.29929],[5.371607,43.299388],[5.371696,43.299526],[5.371447,43.299486],[5.371363,43.299574],[5.371285,43.299457],[5.370873,43.299446],[5.37081,43.299305],[5.368897,43.299278],[5.368586,43.299308]]]}},{"type":"Feature","properties":{"name":"LA CONCEPTION","slug":"la-conception","arrondissement":5,"center":[5.393238,43.291406]},"geometry":{"type":"Polygon","coordinates":[[[5.392765,43.288319],[5.390068,43.287604],[5.389726,43.288285],[5.389152,43.28813],[5.389052,43.293178],[5.388715,43.293292],[5.389031,43.294279],[5.390215,43.29418],[5.391453,43.294359],[5.392787,43.294101],[5.393904,43.29398],[5.398025,43.293899],[5.398023,43.294224],[5.3982,43.294224],[5.398484,43.293871],[5.400067,43.292869],[5.400086,43.292716],[5.396893,43.292346],[5.39785,43.290444],[5.396957,43.29018],[5.397249,43.289527],[5.394841,43.288883],[5.392765,43.288319]]]}},{"type":"Feature","properties":{"name":"NOTRE-DAME-DU-MONT","slug":"notre-dame-du-mont","arrondissement":6,"center":[5.385423,43.292318]},"geometry":{"type":"Polygon","coordinates":[[[5.386471,43.290257],[5.384117,43.289087],[5.383088,43.291115],[5.381492,43.296089],[5.382924,43.295535],[5.385282,43.294376],[5.387238,43.293806],[5.389052,43.293178],[5.389111,43.289974],[5.386795,43.289927],[5.38672,43.290013],[5.386471,43.290257]]]}},{"type":"Feature","properties":{"name":"PREFECTURE","slug":"prefecture","arrondissement":6,"center":[5.380668,43.290674]},"geometry":{"type":"Polygon","coordinates":[[[5.378014,43.290515],[5.377288,43.292216],[5.381876,43.2933],[5.382022,43.293412],[5.382315,43.293479],[5.383088,43.291115],[5.384117,43.289087],[5.379086,43.287972],[5.378034,43.290465],[5.378014,43.290515]]]}},{"type":"Feature","properties":{"name":"ENDOUME","slug":"endoume","arrondissement":7,"center":[5.353021,43.282863]},"geometry":{"type":"MultiPolygon","coordinates":[[[[5.349233,43.284518],[5.349108,43.284432],[5.349235,43.284565],[5.349233,43.284518]]],[[[5.34894,43.280202],[5.348929,43.280001],[5.348851,43.280045],[5.348899,43.280193],[5.34894,43.280202]]],[[[5.350464,43.280176],[5.350388,43.280163],[5.350459,43.280199],[5.350464,43.280176]]],[[[5.357319,43.283925],[5.358596,43.282257],[5.358861,43.281656],[5.35822,43.280868],[5.358143,43.280386],[5.357699,43.280029],[5.356775,43.279462],[5.356284,43.278908],[5.355878,43.278655],[5.354555,43.278231],[5.354422,43.278419],[5.354196,43.278446],[5.354231,43.27859],[5.354098,43.278589],[5.354156,43.278713],[5.354086,43.278741],[5.353964,43.278599],[5.353739,43.278562],[5.353143,43.278932],[5.353142,43.27931],[5.353496,43.279742],[5.353458,43.279865],[5.353344,43.279916],[5.353442,43.280068],[5.353403,43.280201],[5.35319,43.280306],[5.353176,43.280403],[5.353273,43.280436],[5.353163,43.280524],[5.352783,43.280451],[5.352699,43.280261],[5.352823,43.28025],[5.352701,43.279993],[5.352151,43.279715],[5.351974,43.279897],[5.351608,43.279756],[5.351392,43.279864],[5.351335,43.279984],[5.351373,43.280067],[5.35128,43.280129],[5.351319,43.280212],[5.351146,43.280323],[5.351038,43.280192],[5.350915,43.280179],[5.350816,43.280361],[5.350324,43.280526],[5.350246,43.280327],[5.350407,43.279776],[5.350165,43.279744],[5.34996,43.279842],[5.350031,43.280201],[5.349801,43.280234],[5.349766,43.280034],[5.34959,43.279921],[5.349382,43.279897],[5.349285,43.279782],[5.349218,43.279881],[5.349294,43.28015],[5.349179,43.280269],[5.349211,43.280349],[5.349107,43.280353],[5.349083,43.280429],[5.34869,43.280302],[5.348678,43.280159],[5.348499,43.28011],[5.348329,43.280229],[5.348357,43.280311],[5.348214,43.280338],[5.348287,43.28041],[5.348156,43.280409],[5.348059,43.28027],[5.347735,43.28036],[5.347728,43.280483],[5.347502,43.280379],[5.34747,43.28052],[5.347328,43.280572],[5.347312,43.280782],[5.347048,43.280781],[5.34705,43.280917],[5.346876,43.280985],[5.346592,43.280816],[5.346409,43.28108],[5.346169,43.281044],[5.346159,43.280935],[5.346032,43.280997],[5.34593,43.281244],[5.346179,43.281285],[5.346214,43.281455],[5.346138,43.281475],[5.346075,43.28163],[5.345993,43.281552],[5.345915,43.281594],[5.345839,43.28197],[5.345551,43.281927],[5.345658,43.282048],[5.345789,43.282059],[5.345843,43.282372],[5.345704,43.282406],[5.345692,43.28248],[5.345769,43.282525],[5.345862,43.282475],[5.346043,43.282672],[5.346123,43.282519],[5.346195,43.282734],[5.346411,43.282604],[5.346594,43.282629],[5.346613,43.282704],[5.346491,43.282716],[5.346622,43.282862],[5.347155,43.283162],[5.347085,43.282888],[5.347529,43.282845],[5.347527,43.282735],[5.347862,43.282715],[5.34808,43.282889],[5.348131,43.282777],[5.348077,43.28252],[5.348574,43.282257],[5.348602,43.282373],[5.348323,43.282748],[5.348333,43.282927],[5.348252,43.28304],[5.348322,43.283061],[5.348401,43.28333],[5.348667,43.283491],[5.348723,43.283461],[5.349064,43.28379],[5.349337,43.28381],[5.349351,43.283878],[5.349241,43.28396],[5.349387,43.284094],[5.34932,43.284548],[5.349518,43.284697],[5.349355,43.284759],[5.349324,43.284917],[5.349397,43.285021],[5.349479,43.284967],[5.349546,43.285006],[5.348986,43.28538],[5.348762,43.285734],[5.348875,43.285738],[5.349412,43.285236],[5.349865,43.285222],[5.349722,43.285038],[5.349513,43.284926],[5.349469,43.284846],[5.349588,43.284808],[5.349967,43.285069],[5.349924,43.285177],[5.350036,43.285126],[5.350297,43.285322],[5.351166,43.285224],[5.351345,43.285269],[5.351378,43.285441],[5.351324,43.285525],[5.350414,43.285546],[5.349669,43.285734],[5.349415,43.285716],[5.349395,43.285778],[5.349557,43.285887],[5.349762,43.28587],[5.349758,43.285977],[5.350135,43.286235],[5.350461,43.286255],[5.350487,43.286409],[5.350692,43.286416],[5.350669,43.286277],[5.350797,43.28626],[5.351112,43.286465],[5.351125,43.28669],[5.35134,43.286748],[5.351629,43.287165],[5.351743,43.287209],[5.351808,43.28711],[5.352025,43.287778],[5.352,43.287934],[5.352636,43.288429],[5.352808,43.288411],[5.352865,43.288466],[5.352832,43.288527],[5.353077,43.288369],[5.353829,43.287534],[5.354334,43.287775],[5.35453,43.2873],[5.354481,43.286487],[5.357561,43.285019],[5.35775,43.28474],[5.357781,43.284565],[5.358099,43.284451],[5.358206,43.284306],[5.35788,43.284168],[5.357319,43.283925]]]]}},{"type":"Feature","properties":{"name":"LES ILES","slug":"les-iles","arrondissement":7,"center":[5.304034,43.276512]},"geometry":{"type":"MultiPolygon","coordinates":[[[[5.347559,43.290629],[5.35037,43.289319],[5.350388,43.28924],[5.350026,43.289173],[5.347208,43.290552],[5.347262,43.290631],[5.347182,43.290701],[5.345953,43.291296],[5.345916,43.291252],[5.345559,43.291485],[5.345679,43.291529],[5.346217,43.291277],[5.347559,43.290629]]],[[[5.344536,43.277584],[5.344158,43.277222],[5.343931,43.277248],[5.343767,43.277145],[5.343537,43.277227],[5.34366,43.277249],[5.343613,43.277364],[5.34394,43.277632],[5.343912,43.277701],[5.344446,43.277899],[5.344801,43.277906],[5.34481,43.277822],[5.344577,43.277637],[5.344536,43.277584]]],[[[5.286172,43.280092],[5.286116,43.279929],[5.285997,43.279929],[5.286039,43.280157],[5.286122,43.280201],[5.286144,43.280153],[5.286172,43.280092]]],[[[5.345062,43.279525],[5.345036,43.279416],[5.344907,43.279392],[5.345107,43.279324],[5.344954,43.279242],[5.345109,43.279204],[5.34512,43.279109],[5.344962,43.279001],[5.34475,43.278995],[5.345076,43.278807],[5.34492,43.278602],[5.344785,43.278596],[5.344574,43.278792],[5.344496,43.279067],[5.344191,43.27919],[5.344173,43.279302],[5.344437,43.279438],[5.344268,43.279473],[5.344112,43.279682],[5.34465,43.279858],[5.345031,43.279546],[5.345062,43.279525]]],[[[5.347456,43.283614],[5.347482,43.283518],[5.347235,43.283466],[5.347049,43.283616],[5.347201,43.283692],[5.347373,43.28361],[5.347394,43.283716],[5.347454,43.283685],[5.347456,43.283614]]],[[[5.303404,43.269932],[5.303187,43.269766],[5.302632,43.269691],[5.302505,43.269569],[5.302434,43.269569],[5.302436,43.269685],[5.302272,43.269812],[5.301969,43.269827],[5.301739,43.269631],[5.301353,43.269797],[5.301808,43.270049],[5.302071,43.27002],[5.302095,43.270276],[5.302285,43.270359],[5.302479,43.270325],[5.302482,43.270232],[5.302553,43.270245],[5.302591,43.270105],[5.302708,43.270016],[5.303126,43.269996],[5.303368,43.270079],[5.303445,43.270032],[5.30341,43.269937],[5.303404,43.269932]]],[[[5.294991,43.270517],[5.295005,43.270351],[5.29472,43.270417],[5.29475,43.270611],[5.294988,43.270561],[5.294991,43.270517]]],[[[5.294382,43.269601],[5.294386,43.269466],[5.294289,43.269496],[5.294329,43.269598],[5.294382,43.269601]]],[[[5.328407,43.28029],[5.328305,43.280192],[5.32821,43.280281],[5.328306,43.280371],[5.32842,43.280342],[5.328407,43.28029]]],[[[5.285899,43.263909],[5.285819,43.263827],[5.285744,43.263845],[5.285777,43.263927],[5.2859,43.263955],[5.285899,43.263909]]],[[[5.29269,43.267746],[5.292717,43.267699],[5.29253,43.267663],[5.292566,43.267742],[5.29269,43.267746]]],[[[5.294556,43.26933],[5.294571,43.269285],[5.294497,43.269355],[5.294556,43.26933]]],[[[5.294434,43.269451],[5.294451,43.269375],[5.294425,43.269451],[5.294434,43.269451]]],[[[5.328076,43.280269],[5.327871,43.280228],[5.327935,43.280315],[5.32803,43.280284],[5.328076,43.280269]]],[[[5.327725,43.27996],[5.327595,43.279907],[5.327385,43.279589],[5.327204,43.27958],[5.327054,43.27969],[5.326937,43.27966],[5.326777,43.27924],[5.326659,43.279269],[5.326637,43.279379],[5.3263,43.279362],[5.326155,43.279442],[5.325833,43.27923],[5.325602,43.279213],[5.325218,43.279041],[5.324647,43.279056],[5.324523,43.278986],[5.324398,43.279041],[5.32447,43.279139],[5.324358,43.279447],[5.3246,43.279886],[5.324467,43.280014],[5.324379,43.280291],[5.324567,43.280484],[5.325199,43.280553],[5.325822,43.280451],[5.326179,43.280288],[5.326539,43.28046],[5.326737,43.280423],[5.326755,43.280275],[5.326924,43.280254],[5.327595,43.28042],[5.327857,43.280197],[5.32782,43.280111],[5.327928,43.280067],[5.327804,43.279968],[5.327725,43.27996]]],[[[5.28739,43.279347],[5.287253,43.27924],[5.287102,43.279262],[5.286771,43.279129],[5.286386,43.279098],[5.28596,43.278823],[5.285948,43.278934],[5.285758,43.279078],[5.285776,43.279161],[5.28547,43.279366],[5.285956,43.279615],[5.286116,43.279885],[5.286704,43.279639],[5.287157,43.279743],[5.287463,43.279972],[5.287562,43.279783],[5.287664,43.279878],[5.287702,43.279718],[5.28746,43.279424],[5.28739,43.279347]]],[[[5.308089,43.279884],[5.307748,43.27962],[5.307372,43.279761],[5.307364,43.280014],[5.307713,43.280194],[5.308151,43.27999],[5.308089,43.279884]]],[[[5.300422,43.27514],[5.300354,43.275142],[5.300413,43.275157],[5.300422,43.27514]]],[[[5.346958,43.283896],[5.346868,43.283781],[5.34694,43.283817],[5.346925,43.283763],[5.3465,43.283602],[5.346243,43.28376],[5.346291,43.283842],[5.346433,43.283826],[5.346455,43.283956],[5.346633,43.284059],[5.346953,43.283919],[5.346958,43.283896]]],[[[5.346908,43.283642],[5.34659,43.28348],[5.346713,43.283637],[5.346952,43.283678],[5.346908,43.283642]]],[[[5.315921,43.283247],[5.316144,43.282844],[5.316509,43.282736],[5.316504,43.282566],[5.316616,43.282394],[5.316548,43.282296],[5.316348,43.282254],[5.316236,43.281883],[5.31595,43.281791],[5.315645,43.281877],[5.315754,43.281634],[5.31572,43.281425],[5.31559,43.281312],[5.315499,43.281351],[5.315203,43.281073],[5.315061,43.281063],[5.314604,43.280628],[5.314334,43.280906],[5.313744,43.280795],[5.313674,43.280476],[5.312687,43.279519],[5.311271,43.27796],[5.310758,43.277191],[5.310563,43.27717],[5.310513,43.277291],[5.310691,43.277407],[5.311039,43.278103],[5.31312,43.280317],[5.312993,43.280413],[5.31243,43.280515],[5.312162,43.280712],[5.312055,43.280916],[5.311423,43.280989],[5.311274,43.280851],[5.311038,43.280926],[5.311011,43.280882],[5.311228,43.280781],[5.310158,43.281124],[5.310204,43.281229],[5.309812,43.281363],[5.309687,43.281253],[5.309568,43.281253],[5.309357,43.281393],[5.308862,43.28145],[5.308746,43.281279],[5.308978,43.281038],[5.308934,43.280907],[5.308361,43.281049],[5.30789,43.280701],[5.307885,43.28047],[5.307809,43.280358],[5.307711,43.280386],[5.30742,43.280135],[5.307182,43.280192],[5.306965,43.280011],[5.306958,43.279695],[5.30688,43.279552],[5.306412,43.279243],[5.306799,43.278917],[5.306703,43.278852],[5.306336,43.27913],[5.30621,43.279041],[5.304949,43.278976],[5.30358,43.278729],[5.303868,43.277504],[5.304193,43.27649],[5.30502,43.276548],[5.307063,43.276916],[5.308087,43.276974],[5.308848,43.276619],[5.309195,43.276549],[5.309404,43.276611],[5.309293,43.276792],[5.309761,43.27674],[5.309868,43.276593],[5.310227,43.276388],[5.31075,43.276395],[5.311225,43.276006],[5.312046,43.275866],[5.311926,43.275652],[5.311635,43.275482],[5.311265,43.2755],[5.311137,43.275623],[5.311223,43.275375],[5.311164,43.275277],[5.311276,43.275074],[5.311161,43.274839],[5.311232,43.274653],[5.310903,43.274312],[5.310573,43.274165],[5.31006,43.274109],[5.310089,43.273873],[5.309942,43.273715],[5.309721,43.273723],[5.309777,43.273842],[5.309545,43.273818],[5.309308,43.273696],[5.309202,43.273614],[5.309182,43.273427],[5.309329,43.27334],[5.309186,43.273262],[5.309094,43.27342],[5.308737,43.273463],[5.308729,43.273304],[5.30858,43.273235],[5.308627,43.273118],[5.308467,43.272899],[5.308203,43.272904],[5.307948,43.273224],[5.307788,43.273318],[5.307252,43.273429],[5.306515,43.273179],[5.306248,43.27281],[5.306123,43.272836],[5.306011,43.273007],[5.305737,43.273049],[5.305655,43.273158],[5.305366,43.273108],[5.305111,43.272824],[5.30505,43.272658],[5.305245,43.27244],[5.305277,43.272295],[5.304995,43.27221],[5.30492,43.272211],[5.304585,43.272648],[5.304556,43.272885],[5.304477,43.272924],[5.30451,43.273039],[5.304196,43.272964],[5.304072,43.273156],[5.303968,43.273144],[5.303863,43.273077],[5.303898,43.272962],[5.303606,43.272937],[5.303734,43.272659],[5.303706,43.272575],[5.303247,43.272564],[5.303149,43.272627],[5.302999,43.272555],[5.303217,43.27249],[5.303181,43.272309],[5.303351,43.272121],[5.30323,43.271966],[5.303339,43.271673],[5.303081,43.271712],[5.302875,43.271613],[5.302926,43.271777],[5.302782,43.271836],[5.302803,43.271931],[5.302543,43.271999],[5.302228,43.272262],[5.302044,43.27214],[5.301766,43.272223],[5.301397,43.272125],[5.301696,43.272061],[5.301479,43.271752],[5.301473,43.271616],[5.301134,43.271571],[5.301106,43.271443],[5.301217,43.271322],[5.301516,43.271251],[5.301494,43.271176],[5.300696,43.27118],[5.300752,43.271104],[5.300705,43.270945],[5.300533,43.270822],[5.30057,43.270738],[5.300685,43.270763],[5.300771,43.270682],[5.300628,43.270569],[5.300575,43.27024],[5.300524,43.270199],[5.300312,43.270274],[5.300254,43.270166],[5.299837,43.27017],[5.299535,43.270066],[5.299471,43.269917],[5.29948,43.269548],[5.299641,43.269668],[5.299847,43.269609],[5.299896,43.269306],[5.300164,43.269325],[5.300446,43.269231],[5.300543,43.269447],[5.300948,43.269492],[5.301068,43.269447],[5.301053,43.269339],[5.301153,43.269178],[5.300573,43.2689],[5.300493,43.268822],[5.300527,43.268705],[5.299899,43.268216],[5.30002,43.267939],[5.299911,43.26779],[5.299707,43.267679],[5.299417,43.268047],[5.299301,43.268043],[5.298946,43.268229],[5.298686,43.26823],[5.298806,43.267962],[5.298656,43.267691],[5.299047,43.267633],[5.298992,43.26732],[5.299203,43.267253],[5.299277,43.267132],[5.299095,43.267109],[5.298959,43.266894],[5.298862,43.26687],[5.298531,43.267077],[5.29845,43.2673],[5.297881,43.267444],[5.29771,43.267698],[5.297585,43.267599],[5.297529,43.267412],[5.297216,43.267166],[5.297254,43.267029],[5.297197,43.266869],[5.296806,43.266939],[5.29658,43.267174],[5.296417,43.267134],[5.296496,43.267076],[5.296447,43.266968],[5.296176,43.26692],[5.296246,43.266855],[5.296201,43.266714],[5.296266,43.266631],[5.296185,43.266535],[5.296344,43.266318],[5.295994,43.266389],[5.295803,43.266264],[5.295591,43.266281],[5.295607,43.266159],[5.295764,43.265974],[5.295792,43.265577],[5.295981,43.265415],[5.295865,43.265348],[5.295629,43.265376],[5.295492,43.265551],[5.295254,43.265527],[5.29504,43.265339],[5.294662,43.265492],[5.294644,43.265387],[5.294351,43.265423],[5.294195,43.265308],[5.294168,43.265191],[5.294348,43.265008],[5.294148,43.264843],[5.294153,43.264729],[5.294344,43.264611],[5.294316,43.264564],[5.293693,43.264498],[5.293552,43.264552],[5.293605,43.26475],[5.293329,43.264829],[5.293126,43.264822],[5.293049,43.264622],[5.292462,43.264641],[5.292038,43.264845],[5.292079,43.264725],[5.292021,43.264657],[5.292194,43.264535],[5.291996,43.264324],[5.292173,43.264211],[5.292253,43.264057],[5.292444,43.264041],[5.292337,43.263854],[5.292607,43.263685],[5.292618,43.263494],[5.291769,43.263402],[5.291881,43.263288],[5.291848,43.263204],[5.291946,43.262935],[5.291788,43.262846],[5.291747,43.262734],[5.291911,43.262401],[5.291815,43.262408],[5.291736,43.262513],[5.291408,43.262486],[5.291364,43.262599],[5.291102,43.262617],[5.291096,43.262689],[5.290972,43.262746],[5.290888,43.262692],[5.290968,43.26253],[5.290889,43.262457],[5.290996,43.262354],[5.290987,43.262141],[5.290516,43.262158],[5.290057,43.262309],[5.289919,43.262441],[5.290037,43.262473],[5.290142,43.262618],[5.289958,43.262603],[5.289854,43.262439],[5.289688,43.262585],[5.289417,43.262622],[5.289453,43.262537],[5.289864,43.262343],[5.289685,43.262213],[5.289854,43.262064],[5.289849,43.261828],[5.28998,43.261678],[5.289876,43.261536],[5.29039,43.261273],[5.290059,43.261029],[5.290245,43.260941],[5.290227,43.260818],[5.289632,43.260543],[5.2892,43.260451],[5.2891,43.260513],[5.28925,43.260727],[5.289208,43.260912],[5.289088,43.261002],[5.289056,43.261143],[5.288911,43.261206],[5.288476,43.261323],[5.287494,43.261048],[5.287262,43.261148],[5.287417,43.261232],[5.287872,43.261219],[5.288026,43.261332],[5.287988,43.261681],[5.287875,43.261774],[5.287528,43.261826],[5.287165,43.262264],[5.287273,43.262336],[5.287259,43.262439],[5.287494,43.262736],[5.287859,43.262743],[5.288117,43.262888],[5.288134,43.263004],[5.288224,43.263064],[5.288098,43.263115],[5.288254,43.263297],[5.287805,43.263247],[5.287151,43.263744],[5.287552,43.263827],[5.287594,43.263898],[5.28736,43.263978],[5.287037,43.263964],[5.286987,43.263996],[5.287029,43.26409],[5.286826,43.264212],[5.286805,43.264311],[5.28656,43.264142],[5.286426,43.26421],[5.286143,43.264186],[5.286138,43.264413],[5.286295,43.264543],[5.286089,43.264775],[5.286089,43.264952],[5.285901,43.265058],[5.286072,43.2653],[5.2858,43.265629],[5.285683,43.265879],[5.285725,43.265962],[5.286128,43.266136],[5.286224,43.266264],[5.286693,43.266043],[5.287095,43.266367],[5.287033,43.266457],[5.287068,43.266528],[5.287387,43.266486],[5.287637,43.266681],[5.28771,43.266633],[5.287769,43.266403],[5.288104,43.266548],[5.288419,43.266466],[5.288431,43.266715],[5.288975,43.267002],[5.288839,43.267224],[5.289123,43.267182],[5.289334,43.267391],[5.289549,43.267348],[5.289544,43.267234],[5.289755,43.267203],[5.289838,43.267068],[5.290028,43.2671],[5.290116,43.26697],[5.290202,43.267172],[5.29038,43.267226],[5.290112,43.267273],[5.29002,43.267468],[5.289833,43.267628],[5.289951,43.267889],[5.289797,43.267986],[5.289676,43.267948],[5.289746,43.268127],[5.289575,43.268135],[5.289444,43.26831],[5.28924,43.268362],[5.289551,43.268578],[5.289752,43.268588],[5.29002,43.268722],[5.290111,43.268601],[5.289976,43.268475],[5.290168,43.268369],[5.290166,43.268264],[5.290023,43.2682],[5.290191,43.268079],[5.290646,43.268039],[5.290731,43.267958],[5.290941,43.268045],[5.290885,43.2682],[5.291013,43.268275],[5.290997,43.268426],[5.291107,43.268416],[5.291188,43.268317],[5.291492,43.26833],[5.291741,43.268194],[5.291693,43.268478],[5.291938,43.268912],[5.292153,43.268988],[5.292265,43.268856],[5.291965,43.26863],[5.291928,43.268496],[5.292154,43.268228],[5.291884,43.268065],[5.29189,43.267859],[5.292059,43.267793],[5.291972,43.26747],[5.292113,43.267388],[5.292283,43.267542],[5.29263,43.267424],[5.292668,43.267562],[5.292916,43.267667],[5.292928,43.267851],[5.29277,43.267891],[5.292658,43.268055],[5.292757,43.268367],[5.292861,43.26845],[5.292994,43.268393],[5.293104,43.268518],[5.293037,43.268671],[5.293153,43.268693],[5.293325,43.268935],[5.293623,43.268605],[5.293682,43.268361],[5.29384,43.268549],[5.293747,43.268633],[5.293819,43.268733],[5.293719,43.268775],[5.293797,43.26897],[5.294097,43.26902],[5.294424,43.268884],[5.294547,43.268946],[5.294486,43.269122],[5.294548,43.269165],[5.294793,43.269075],[5.29488,43.269147],[5.295045,43.269047],[5.295278,43.269059],[5.295415,43.268874],[5.29557,43.268971],[5.295419,43.269023],[5.295333,43.269176],[5.2954,43.269219],[5.295316,43.269329],[5.295457,43.269482],[5.295367,43.269619],[5.295243,43.269663],[5.295338,43.270013],[5.295717,43.270025],[5.295774,43.269895],[5.295869,43.269928],[5.295948,43.269862],[5.296222,43.269907],[5.296301,43.269744],[5.296249,43.269663],[5.296422,43.269626],[5.296551,43.269504],[5.296578,43.269598],[5.29644,43.269674],[5.296414,43.26991],[5.296331,43.269909],[5.296176,43.270129],[5.296208,43.270249],[5.296342,43.270297],[5.296234,43.270552],[5.296513,43.270514],[5.296526,43.270242],[5.2967,43.27028],[5.296845,43.270137],[5.297364,43.270408],[5.297014,43.270389],[5.297,43.270589],[5.2967,43.270568],[5.296553,43.270836],[5.29642,43.270891],[5.296445,43.270945],[5.296627,43.271022],[5.296843,43.270876],[5.297224,43.270917],[5.297089,43.271253],[5.296738,43.271286],[5.2968,43.271376],[5.297444,43.271292],[5.297626,43.271335],[5.297731,43.271263],[5.297785,43.27131],[5.297215,43.271988],[5.29732,43.272285],[5.297468,43.272265],[5.29754,43.27214],[5.297649,43.272119],[5.297667,43.271988],[5.297806,43.272015],[5.298055,43.271894],[5.298196,43.271939],[5.298261,43.271754],[5.298398,43.271774],[5.298499,43.271972],[5.298361,43.272131],[5.298171,43.272161],[5.298325,43.272411],[5.298384,43.272444],[5.29879,43.272295],[5.299058,43.272434],[5.299132,43.272362],[5.299094,43.272282],[5.299273,43.272242],[5.299402,43.272285],[5.299249,43.272525],[5.299745,43.272565],[5.299545,43.272741],[5.299505,43.272931],[5.299326,43.272987],[5.299401,43.273069],[5.299961,43.273054],[5.300111,43.273144],[5.300215,43.273061],[5.300468,43.273023],[5.300602,43.273083],[5.300825,43.273022],[5.300894,43.273071],[5.300834,43.27316],[5.300318,43.273347],[5.300384,43.273415],[5.300337,43.273572],[5.300412,43.273692],[5.300308,43.273667],[5.300311,43.27385],[5.300234,43.273908],[5.300315,43.274067],[5.300451,43.274175],[5.300565,43.274131],[5.30066,43.273881],[5.30073,43.27386],[5.300775,43.273935],[5.300897,43.273898],[5.301034,43.273761],[5.301122,43.273521],[5.301294,43.273502],[5.301245,43.273643],[5.301397,43.273877],[5.301314,43.274019],[5.301628,43.274126],[5.301674,43.274267],[5.301424,43.274378],[5.30119,43.274599],[5.302,43.274502],[5.302118,43.274406],[5.302308,43.274477],[5.302448,43.274377],[5.302577,43.274465],[5.302378,43.274622],[5.302543,43.27481],[5.302287,43.274696],[5.302013,43.274838],[5.302278,43.275067],[5.301681,43.275085],[5.301516,43.275181],[5.301454,43.275324],[5.302065,43.275657],[5.30212,43.275782],[5.302613,43.275811],[5.302837,43.275742],[5.302828,43.275969],[5.303061,43.27607],[5.303404,43.276018],[5.303549,43.276322],[5.303563,43.276563],[5.302931,43.278861],[5.302792,43.278998],[5.302317,43.278956],[5.302094,43.279232],[5.302456,43.279469],[5.302425,43.279574],[5.302561,43.279787],[5.302902,43.279814],[5.303047,43.280007],[5.303211,43.27994],[5.303268,43.280104],[5.302897,43.280183],[5.302704,43.280093],[5.302368,43.280111],[5.302169,43.280275],[5.302109,43.280047],[5.30148,43.280012],[5.301453,43.279909],[5.301279,43.279809],[5.301202,43.279908],[5.300926,43.279669],[5.300577,43.279499],[5.30035,43.279488],[5.300605,43.279416],[5.300412,43.27905],[5.299677,43.278862],[5.299775,43.279221],[5.29973,43.27925],[5.299111,43.279154],[5.298944,43.278967],[5.298556,43.278801],[5.298594,43.2786],[5.298478,43.278447],[5.298026,43.278368],[5.297877,43.278545],[5.297514,43.278642],[5.297297,43.278579],[5.297088,43.278608],[5.297127,43.278747],[5.297009,43.278927],[5.297028,43.278997],[5.29719,43.279048],[5.297208,43.279184],[5.296492,43.279074],[5.296328,43.279141],[5.295964,43.279123],[5.296002,43.279184],[5.295742,43.279213],[5.295763,43.279278],[5.295658,43.27929],[5.295295,43.279138],[5.294644,43.27909],[5.294055,43.279163],[5.293828,43.279266],[5.293724,43.279523],[5.293528,43.27956],[5.293413,43.279724],[5.293393,43.27966],[5.29349,43.279565],[5.293467,43.279446],[5.293316,43.279284],[5.293062,43.279408],[5.293056,43.279594],[5.292827,43.279556],[5.292512,43.279721],[5.29271,43.279825],[5.292639,43.280059],[5.291636,43.280185],[5.291632,43.280274],[5.291962,43.280323],[5.292039,43.280496],[5.292347,43.28075],[5.292661,43.280785],[5.293012,43.281027],[5.29335,43.281028],[5.293646,43.281207],[5.293829,43.281178],[5.294417,43.281386],[5.295813,43.281619],[5.296002,43.281594],[5.295962,43.281493],[5.295519,43.281307],[5.295349,43.281089],[5.295311,43.280879],[5.295392,43.280841],[5.295531,43.281045],[5.295626,43.281057],[5.295827,43.280974],[5.295828,43.280835],[5.296028,43.280792],[5.296003,43.280589],[5.296358,43.280588],[5.296479,43.280947],[5.296736,43.281062],[5.296859,43.281055],[5.296878,43.280949],[5.297276,43.281045],[5.297345,43.280948],[5.297637,43.281081],[5.297696,43.28107],[5.297676,43.281001],[5.297847,43.280987],[5.297761,43.28109],[5.297862,43.28121],[5.297625,43.281242],[5.297558,43.281344],[5.297425,43.281369],[5.297846,43.281817],[5.298013,43.281708],[5.298349,43.281869],[5.298467,43.281813],[5.298495,43.281643],[5.298738,43.281598],[5.298913,43.281452],[5.299272,43.281612],[5.299535,43.28145],[5.299731,43.281597],[5.299666,43.281782],[5.299723,43.28187],[5.300116,43.281844],[5.300463,43.28211],[5.300634,43.282089],[5.30074,43.281972],[5.300944,43.281905],[5.301105,43.281771],[5.301161,43.281595],[5.301289,43.281768],[5.301484,43.281787],[5.301602,43.281978],[5.302032,43.282059],[5.302082,43.282014],[5.302015,43.281814],[5.3019,43.281738],[5.301884,43.281562],[5.301553,43.281083],[5.302014,43.281216],[5.302482,43.281482],[5.302741,43.281316],[5.30307,43.281411],[5.303266,43.281288],[5.303423,43.281306],[5.303534,43.281413],[5.303838,43.281334],[5.30419,43.281563],[5.304121,43.281711],[5.304193,43.281806],[5.304025,43.281905],[5.303954,43.282105],[5.304034,43.282162],[5.304126,43.282172],[5.304262,43.281941],[5.304469,43.281891],[5.304844,43.281924],[5.305372,43.281825],[5.305714,43.282009],[5.305707,43.282273],[5.305239,43.282393],[5.305099,43.282615],[5.304915,43.28257],[5.304854,43.282677],[5.304955,43.282732],[5.304647,43.282835],[5.304583,43.282774],[5.30424,43.282822],[5.304022,43.283272],[5.30388,43.283014],[5.303762,43.282949],[5.303635,43.283059],[5.303392,43.282984],[5.302901,43.283099],[5.302679,43.283057],[5.302615,43.283145],[5.302688,43.283496],[5.302632,43.283689],[5.302168,43.283299],[5.301969,43.283299],[5.301965,43.283437],[5.301666,43.283487],[5.301531,43.283648],[5.301254,43.283351],[5.300877,43.283491],[5.300781,43.283442],[5.300563,43.283503],[5.300518,43.283561],[5.300568,43.283981],[5.300165,43.284326],[5.300848,43.284458],[5.301366,43.284423],[5.301297,43.284532],[5.301339,43.284605],[5.301197,43.284733],[5.301556,43.284885],[5.301398,43.285148],[5.301381,43.285265],[5.301436,43.285288],[5.302015,43.285239],[5.302303,43.285432],[5.302597,43.285264],[5.302887,43.285398],[5.302909,43.284964],[5.303257,43.285137],[5.303319,43.285051],[5.303618,43.284967],[5.303859,43.285086],[5.304053,43.285096],[5.304124,43.285001],[5.304077,43.284913],[5.304198,43.284854],[5.304392,43.285007],[5.304455,43.284894],[5.304373,43.284705],[5.304525,43.284614],[5.304545,43.28442],[5.304623,43.284387],[5.305185,43.28448],[5.305383,43.284408],[5.305574,43.284459],[5.30551,43.284611],[5.305603,43.2848],[5.305547,43.284883],[5.305944,43.28496],[5.306118,43.285178],[5.305874,43.285361],[5.305901,43.285419],[5.306301,43.285358],[5.306986,43.285377],[5.307115,43.285239],[5.307022,43.285022],[5.307179,43.284765],[5.307154,43.284679],[5.307298,43.284675],[5.307365,43.284534],[5.307622,43.284628],[5.307637,43.284853],[5.307511,43.284981],[5.307793,43.28521],[5.307809,43.285324],[5.307999,43.285396],[5.308432,43.285215],[5.308661,43.285369],[5.308707,43.285286],[5.308606,43.285174],[5.308772,43.285179],[5.308721,43.28497],[5.309122,43.284947],[5.309309,43.284754],[5.309444,43.284959],[5.309847,43.285157],[5.309871,43.285041],[5.309987,43.284992],[5.310182,43.285],[5.311174,43.284763],[5.311285,43.284672],[5.311297,43.284454],[5.311613,43.284305],[5.311693,43.284452],[5.31203,43.284629],[5.31225,43.284257],[5.312673,43.284711],[5.312734,43.284929],[5.312923,43.285067],[5.312989,43.284542],[5.313179,43.284682],[5.313413,43.284559],[5.313334,43.284652],[5.313356,43.284732],[5.313747,43.284984],[5.314024,43.285015],[5.314174,43.284957],[5.314135,43.285121],[5.313735,43.285339],[5.313789,43.285544],[5.313521,43.285481],[5.31334,43.285593],[5.313366,43.285699],[5.312867,43.285818],[5.312708,43.285988],[5.312595,43.28626],[5.312737,43.286387],[5.312607,43.286578],[5.31276,43.286697],[5.312687,43.286751],[5.312528,43.286673],[5.31255,43.286754],[5.312407,43.28685],[5.312368,43.28719],[5.312613,43.287343],[5.312965,43.287344],[5.313177,43.287433],[5.313604,43.287203],[5.313618,43.287101],[5.313917,43.286922],[5.31425,43.286875],[5.314598,43.286916],[5.315586,43.286852],[5.315694,43.286999],[5.315855,43.287055],[5.316043,43.286947],[5.316907,43.286957],[5.316946,43.28684],[5.316738,43.286626],[5.316667,43.286382],[5.316546,43.286296],[5.316563,43.286122],[5.316916,43.285987],[5.316833,43.286129],[5.316865,43.28619],[5.317298,43.286177],[5.317634,43.286333],[5.317647,43.286158],[5.317754,43.286159],[5.317794,43.286002],[5.317599,43.285786],[5.317035,43.285742],[5.316753,43.285541],[5.31681,43.285314],[5.317071,43.285168],[5.317164,43.28526],[5.317443,43.285317],[5.317427,43.285132],[5.317721,43.285113],[5.318076,43.285219],[5.318346,43.285086],[5.318287,43.284941],[5.318597,43.285035],[5.318726,43.285009],[5.318782,43.284933],[5.31873,43.284748],[5.318878,43.284696],[5.318931,43.284714],[5.318891,43.284921],[5.319197,43.285009],[5.318856,43.28521],[5.318894,43.285318],[5.318688,43.285549],[5.318709,43.285673],[5.319176,43.286095],[5.319523,43.286172],[5.319589,43.286161],[5.319591,43.286064],[5.319714,43.286035],[5.319744,43.286191],[5.319866,43.286226],[5.320064,43.28609],[5.320534,43.286044],[5.320638,43.286209],[5.320808,43.286224],[5.320817,43.286045],[5.320936,43.285988],[5.321011,43.286266],[5.321527,43.286227],[5.321884,43.286295],[5.322103,43.286244],[5.322102,43.28634],[5.322227,43.286399],[5.322751,43.28625],[5.322794,43.286406],[5.323049,43.286525],[5.323184,43.286413],[5.323309,43.286566],[5.323414,43.286587],[5.323473,43.286496],[5.32373,43.286515],[5.323734,43.286414],[5.32383,43.286462],[5.324005,43.286319],[5.323975,43.286108],[5.323805,43.285972],[5.323969,43.285916],[5.323883,43.285712],[5.323133,43.285182],[5.322683,43.285098],[5.322131,43.285187],[5.321691,43.284979],[5.321475,43.285074],[5.321098,43.285071],[5.320562,43.284795],[5.320453,43.284583],[5.320601,43.284625],[5.320669,43.284577],[5.320492,43.284292],[5.320635,43.284253],[5.320821,43.284029],[5.321004,43.284266],[5.321212,43.284326],[5.321353,43.284269],[5.321454,43.284086],[5.321832,43.284069],[5.321878,43.283887],[5.321724,43.283783],[5.321313,43.283762],[5.321254,43.283778],[5.321292,43.283923],[5.321092,43.283995],[5.321072,43.283778],[5.320857,43.2836],[5.320774,43.283233],[5.320517,43.283007],[5.320172,43.282906],[5.319798,43.282663],[5.319384,43.282593],[5.318955,43.282589],[5.3188,43.282658],[5.318569,43.282605],[5.317794,43.282855],[5.317695,43.282932],[5.3177,43.283057],[5.317526,43.283357],[5.317371,43.283437],[5.317352,43.283558],[5.317183,43.283569],[5.317174,43.283825],[5.31698,43.283885],[5.316771,43.284244],[5.316696,43.284262],[5.316305,43.283999],[5.316193,43.284081],[5.316162,43.284237],[5.315767,43.284185],[5.315563,43.284079],[5.315502,43.283949],[5.315666,43.283801],[5.315843,43.283414],[5.315921,43.283247]]],[[[5.297759,43.282631],[5.297683,43.282406],[5.297414,43.282377],[5.297486,43.282506],[5.297351,43.282642],[5.297616,43.282766],[5.297785,43.282705],[5.297759,43.282631]]],[[[5.2981,43.282267],[5.298066,43.282201],[5.297854,43.282166],[5.2975,43.282181],[5.29753,43.282319],[5.297641,43.282381],[5.297812,43.282294],[5.298068,43.282316],[5.2981,43.282267]]],[[[5.292825,43.282227],[5.29273,43.282131],[5.292559,43.282202],[5.292822,43.282394],[5.293048,43.282462],[5.292826,43.282282],[5.292825,43.282227]]],[[[5.29989,43.282059],[5.299778,43.281915],[5.299614,43.282038],[5.299666,43.282157],[5.299919,43.282092],[5.29989,43.282059]]],[[[5.302226,43.283123],[5.302109,43.283076],[5.302097,43.283177],[5.302196,43.283149],[5.302226,43.283123]]],[[[5.293498,43.281412],[5.293468,43.281361],[5.293479,43.281423],[5.293498,43.281412]]]]}},{"type":"Feature","properties":{"name":"BONNEVEINE","slug":"bonneveine","arrondissement":8,"center":[5.380438,43.254566]},"geometry":{"type":"Polygon","coordinates":[[[5.381673,43.248599],[5.377424,43.248216],[5.375037,43.249096],[5.37334,43.249274],[5.373354,43.250247],[5.373233,43.251045],[5.373083,43.251492],[5.372575,43.252195],[5.372104,43.252397],[5.371108,43.251632],[5.37103,43.251427],[5.37074,43.25143],[5.370648,43.251602],[5.372628,43.253126],[5.372871,43.253142],[5.372998,43.253011],[5.372926,43.252865],[5.372663,43.252814],[5.372735,43.252634],[5.372915,43.252542],[5.373229,43.252526],[5.373541,43.252614],[5.373829,43.252811],[5.374144,43.253284],[5.37423,43.253588],[5.374133,43.254092],[5.373812,43.254546],[5.373432,43.25481],[5.372983,43.254927],[5.37261,43.254933],[5.372193,43.254186],[5.37196,43.25419],[5.371886,43.254334],[5.372853,43.255763],[5.373025,43.25587],[5.373195,43.255845],[5.373285,43.255707],[5.373083,43.255468],[5.374306,43.255252],[5.374596,43.255469],[5.375056,43.256108],[5.375191,43.25674],[5.375138,43.257113],[5.375016,43.257349],[5.37453,43.257284],[5.374475,43.257433],[5.375661,43.257674],[5.37575,43.257759],[5.375561,43.258642],[5.375058,43.259363],[5.374385,43.25969],[5.373868,43.259263],[5.37366,43.259318],[5.373661,43.259381],[5.374155,43.259754],[5.374025,43.259829],[5.374085,43.259882],[5.374892,43.260327],[5.376256,43.260924],[5.376775,43.260992],[5.377553,43.260982],[5.380069,43.2619],[5.382659,43.262621],[5.383575,43.262756],[5.38425,43.261313],[5.384633,43.26069],[5.384153,43.260378],[5.384283,43.258863],[5.384586,43.258835],[5.383899,43.258511],[5.383653,43.258294],[5.383465,43.258],[5.384438,43.256918],[5.385152,43.255934],[5.385514,43.256052],[5.386032,43.255439],[5.387517,43.254368],[5.387736,43.254426],[5.388106,43.253943],[5.388476,43.253682],[5.3913,43.252201],[5.391449,43.252269],[5.39126,43.252061],[5.39119,43.251832],[5.389446,43.250588],[5.389266,43.250326],[5.389214,43.250433],[5.389019,43.250502],[5.38883,43.250452],[5.388762,43.250334],[5.388592,43.250606],[5.388014,43.251101],[5.387196,43.250673],[5.387319,43.250541],[5.387003,43.250345],[5.386,43.251062],[5.385883,43.250912],[5.384966,43.25027],[5.38383,43.249818],[5.383797,43.249707],[5.383955,43.24951],[5.383943,43.249413],[5.382431,43.248425],[5.382067,43.248385],[5.38182,43.249669],[5.381704,43.248979],[5.381673,43.248599]]]}},{"type":"Feature","properties":{"name":"PERIER","slug":"perier","arrondissement":8,"center":[5.380444,43.275857]},"geometry":{"type":"Polygon","coordinates":[[[5.387777,43.278778],[5.389864,43.275078],[5.384891,43.274282],[5.385033,43.27394],[5.38274,43.27383],[5.382787,43.271918],[5.382892,43.270945],[5.382194,43.270701],[5.382122,43.270425],[5.381726,43.270108],[5.381533,43.269829],[5.381449,43.269551],[5.381488,43.269356],[5.379815,43.269015],[5.379512,43.268789],[5.379324,43.2685],[5.378126,43.26942],[5.377648,43.269989],[5.376447,43.270724],[5.376101,43.270528],[5.374662,43.271439],[5.372673,43.272487],[5.3727,43.273388],[5.372826,43.273639],[5.372667,43.274603],[5.372641,43.275244],[5.372749,43.275891],[5.373029,43.276472],[5.373013,43.276804],[5.372922,43.277003],[5.374253,43.277264],[5.374486,43.277475],[5.37453,43.278008],[5.374614,43.278097],[5.373826,43.27913],[5.373817,43.279195],[5.374037,43.279349],[5.374193,43.279622],[5.374527,43.279713],[5.374645,43.279847],[5.374885,43.279755],[5.374647,43.279454],[5.374755,43.279309],[5.375635,43.279601],[5.375634,43.279221],[5.376479,43.279191],[5.377056,43.279558],[5.377499,43.279527],[5.377909,43.280042],[5.378548,43.279987],[5.378394,43.280155],[5.378384,43.280599],[5.378397,43.28095],[5.378576,43.281082],[5.378835,43.280919],[5.378945,43.280596],[5.379684,43.280591],[5.379654,43.280909],[5.379546,43.280945],[5.379604,43.281182],[5.379767,43.281281],[5.37986,43.281452],[5.381165,43.281512],[5.381773,43.281626],[5.381984,43.28114],[5.385957,43.282004],[5.387224,43.279757],[5.387777,43.278778]]]}},{"type":"Feature","properties":{"name":"VIEILLE-CHAPELLE","slug":"vieille-chapelle","arrondissement":8,"center":[5.383967,43.246023]},"geometry":{"type":"Polygon","coordinates":[[[5.379821,43.243294],[5.379447,43.242026],[5.377847,43.240506],[5.377844,43.240382],[5.377677,43.240383],[5.377653,43.240471],[5.377735,43.240521],[5.376058,43.242171],[5.375513,43.24284],[5.374763,43.243884],[5.374634,43.244468],[5.373948,43.244983],[5.372971,43.245567],[5.373146,43.245598],[5.373358,43.245848],[5.373765,43.247085],[5.373623,43.247603],[5.373487,43.247592],[5.373382,43.247719],[5.372811,43.247615],[5.372657,43.247683],[5.372717,43.247812],[5.372889,43.247807],[5.372954,43.247933],[5.373283,43.248849],[5.37334,43.249274],[5.375037,43.249096],[5.377307,43.24823],[5.377561,43.248221],[5.381673,43.248599],[5.38182,43.249669],[5.382067,43.248385],[5.382431,43.248425],[5.383943,43.249413],[5.383955,43.24951],[5.383797,43.249707],[5.38383,43.249818],[5.384966,43.25027],[5.385883,43.250912],[5.386,43.251062],[5.387003,43.250345],[5.387319,43.250541],[5.387196,43.250673],[5.388014,43.251101],[5.388592,43.250606],[5.388762,43.250334],[5.38893,43.250495],[5.389214,43.250433],[5.389246,43.250225],[5.388988,43.250132],[5.389522,43.249909],[5.394567,43.246087],[5.394736,43.246257],[5.3951,43.246211],[5.395313,43.245479],[5.396133,43.244612],[5.395469,43.244331],[5.395276,43.244428],[5.394612,43.244289],[5.394412,43.244355],[5.392548,43.243295],[5.392649,43.243192],[5.391228,43.242526],[5.39128,43.242377],[5.390873,43.242029],[5.390036,43.241533],[5.387727,43.243304],[5.387087,43.244071],[5.386529,43.244601],[5.38485,43.243568],[5.38466,43.243547],[5.384472,43.243357],[5.383614,43.242837],[5.383281,43.243274],[5.383093,43.243411],[5.382584,43.243381],[5.381763,43.243919],[5.381582,43.243966],[5.381385,43.243931],[5.381048,43.243699],[5.380476,43.243736],[5.379932,43.243315],[5.379821,43.243294]]]}},{"type":"Feature","properties":{"name":"LES BAUMETTES","slug":"les-baumettes","arrondissement":9,"center":[5.425356,43.223724]},"geometry":{"type":"MultiPolygon","coordinates":[[[[5.45267,43.201377],[5.452496,43.201364],[5.452671,43.201406],[5.45267,43.201377]]],[[[5.410686,43.222494],[5.409907,43.224178],[5.409603,43.224376],[5.409903,43.225392],[5.410383,43.226184],[5.411107,43.226651],[5.411219,43.226963],[5.411097,43.227793],[5.410623,43.227912],[5.410821,43.227934],[5.409964,43.229654],[5.40958,43.228031],[5.409865,43.227828],[5.409346,43.226965],[5.40849,43.227115],[5.408429,43.227357],[5.407811,43.227362],[5.407126,43.227138],[5.406021,43.228908],[5.405959,43.229275],[5.405491,43.230545],[5.405236,43.231126],[5.404998,43.231167],[5.405075,43.23128],[5.40503,43.231449],[5.404442,43.232654],[5.404066,43.232554],[5.403462,43.233423],[5.403162,43.233314],[5.402078,43.234391],[5.402886,43.234986],[5.403285,43.23541],[5.403302,43.235601],[5.403508,43.236071],[5.404166,43.236911],[5.403773,43.237463],[5.402277,43.238891],[5.402287,43.239032],[5.403063,43.239838],[5.403414,43.240098],[5.404357,43.241116],[5.404033,43.241579],[5.405444,43.243141],[5.40609,43.243576],[5.406281,43.243125],[5.406271,43.242825],[5.406357,43.242549],[5.406762,43.242456],[5.409517,43.241371],[5.409931,43.241146],[5.411406,43.240706],[5.412542,43.243729],[5.413731,43.24343],[5.414251,43.243165],[5.414294,43.243237],[5.417441,43.242408],[5.418452,43.242522],[5.419685,43.242409],[5.42068,43.241826],[5.421412,43.241541],[5.422465,43.241699],[5.423423,43.241065],[5.423704,43.240617],[5.423899,43.239893],[5.424147,43.239872],[5.424215,43.239207],[5.424536,43.238401],[5.423758,43.237028],[5.423534,43.236402],[5.423525,43.235908],[5.423185,43.23545],[5.423037,43.235071],[5.423136,43.234681],[5.423758,43.23358],[5.423737,43.23274],[5.423972,43.232228],[5.423822,43.231489],[5.424025,43.231202],[5.424041,43.23107],[5.423539,43.230815],[5.423515,43.230694],[5.424208,43.230512],[5.424358,43.230389],[5.424456,43.230122],[5.424575,43.230066],[5.424725,43.230095],[5.424952,43.230285],[5.425402,43.230319],[5.425713,43.22995],[5.425798,43.229597],[5.425335,43.22894],[5.425356,43.228802],[5.425706,43.228849],[5.426357,43.229188],[5.426875,43.229959],[5.427105,43.230179],[5.42729,43.230046],[5.427764,43.229388],[5.427603,43.228831],[5.427649,43.228684],[5.427875,43.228506],[5.427899,43.228348],[5.427341,43.227918],[5.426034,43.227173],[5.425891,43.227042],[5.425886,43.226894],[5.426003,43.22686],[5.427013,43.227023],[5.427331,43.226958],[5.427461,43.226701],[5.42787,43.226931],[5.428592,43.226816],[5.428692,43.226741],[5.42881,43.226443],[5.429247,43.22616],[5.429408,43.225971],[5.429408,43.225833],[5.429181,43.225532],[5.429629,43.225296],[5.429754,43.225099],[5.429732,43.224792],[5.429468,43.224532],[5.42946,43.224441],[5.430372,43.224175],[5.430528,43.223927],[5.430808,43.22372],[5.430883,43.223727],[5.43103,43.223972],[5.43107,43.224639],[5.431231,43.224941],[5.432116,43.225385],[5.432285,43.225671],[5.432424,43.225716],[5.432762,43.22565],[5.432896,43.22541],[5.433062,43.22528],[5.434005,43.224757],[5.434244,43.224382],[5.43415,43.22394],[5.434352,43.223882],[5.434585,43.223688],[5.435352,43.224011],[5.435676,43.224038],[5.43591,43.223953],[5.436309,43.223464],[5.436487,43.222985],[5.437145,43.222499],[5.437646,43.222017],[5.437594,43.221795],[5.43737,43.221596],[5.436673,43.221382],[5.436465,43.221203],[5.436442,43.221074],[5.437385,43.221019],[5.438685,43.22106],[5.439937,43.220675],[5.440884,43.220501],[5.442557,43.22032],[5.443669,43.219758],[5.444351,43.219326],[5.444932,43.219196],[5.445673,43.219281],[5.445747,43.219167],[5.446252,43.218886],[5.446888,43.218765],[5.447206,43.218801],[5.446578,43.217356],[5.446276,43.21713],[5.445173,43.216663],[5.445094,43.216371],[5.445271,43.216011],[5.445676,43.215601],[5.446793,43.214698],[5.447769,43.214376],[5.45181,43.211601],[5.453203,43.210517],[5.453803,43.209873],[5.453966,43.20934],[5.453172,43.209851],[5.453025,43.209741],[5.452298,43.210002],[5.452066,43.210001],[5.451995,43.209849],[5.451913,43.209841],[5.451762,43.209876],[5.451685,43.209976],[5.451308,43.209924],[5.450635,43.210017],[5.450523,43.210165],[5.450531,43.210311],[5.450347,43.210384],[5.450043,43.210245],[5.450077,43.210113],[5.449604,43.210112],[5.449566,43.209956],[5.449468,43.209893],[5.447858,43.210528],[5.447699,43.210742],[5.447817,43.210824],[5.447224,43.211535],[5.446818,43.211482],[5.445974,43.211898],[5.445713,43.211881],[5.445664,43.211759],[5.445372,43.211904],[5.445251,43.211711],[5.44517,43.211701],[5.445263,43.212293],[5.445096,43.212552],[5.44494,43.212649],[5.444453,43.212548],[5.444264,43.212607],[5.444188,43.212806],[5.443915,43.21298],[5.443577,43.212962],[5.443526,43.213015],[5.443321,43.212854],[5.443288,43.212706],[5.443528,43.212673],[5.443663,43.212545],[5.443649,43.212477],[5.444059,43.212204],[5.444336,43.212383],[5.444421,43.212322],[5.444156,43.212145],[5.444192,43.212026],[5.444475,43.21176],[5.44446,43.211647],[5.444353,43.211564],[5.444766,43.211523],[5.445166,43.211324],[5.445305,43.211116],[5.445778,43.210742],[5.446905,43.209426],[5.44758,43.208914],[5.447646,43.208789],[5.447603,43.20875],[5.446978,43.208682],[5.44722,43.208482],[5.447211,43.20841],[5.446828,43.207995],[5.44678,43.207792],[5.446674,43.207703],[5.44716,43.207352],[5.447815,43.207009],[5.447999,43.206734],[5.447991,43.206602],[5.449306,43.206208],[5.449668,43.205903],[5.450007,43.205744],[5.450634,43.205639],[5.451663,43.204766],[5.45162,43.204736],[5.451971,43.204332],[5.451706,43.204304],[5.452134,43.204174],[5.452415,43.203879],[5.452599,43.203825],[5.452837,43.203957],[5.453864,43.203745],[5.454183,43.203583],[5.454234,43.203457],[5.454423,43.203339],[5.454933,43.202768],[5.454304,43.202352],[5.453622,43.20206],[5.452811,43.201865],[5.452663,43.201898],[5.451169,43.201214],[5.451364,43.201373],[5.45137,43.201519],[5.451539,43.201612],[5.451791,43.202068],[5.452085,43.20231],[5.452291,43.202633],[5.452295,43.20299],[5.452235,43.20311],[5.45141,43.203412],[5.450731,43.203371],[5.450025,43.202912],[5.449767,43.202642],[5.449458,43.202609],[5.44938,43.202864],[5.448998,43.202873],[5.448567,43.203328],[5.448339,43.203853],[5.448036,43.20422],[5.447806,43.20432],[5.447491,43.204675],[5.44712,43.205233],[5.446963,43.20538],[5.446329,43.205626],[5.445799,43.205289],[5.445342,43.20526],[5.445174,43.205053],[5.444649,43.204751],[5.443935,43.204512],[5.443708,43.204512],[5.442406,43.204919],[5.442016,43.20521],[5.441508,43.205387],[5.441149,43.205685],[5.440753,43.205818],[5.440608,43.205988],[5.440084,43.206217],[5.439833,43.2062],[5.439602,43.206619],[5.439794,43.206773],[5.439843,43.207066],[5.439919,43.20711],[5.439948,43.207221],[5.439814,43.207312],[5.439749,43.207219],[5.439432,43.20721],[5.439009,43.207341],[5.438611,43.207349],[5.438472,43.207213],[5.438073,43.20713],[5.437748,43.206952],[5.437449,43.207009],[5.437003,43.206511],[5.436417,43.206413],[5.435922,43.206587],[5.435326,43.206602],[5.434988,43.206799],[5.4345,43.207269],[5.434346,43.207232],[5.433376,43.2074],[5.432788,43.207619],[5.432429,43.20752],[5.431796,43.207969],[5.431852,43.208177],[5.432168,43.208416],[5.431515,43.208454],[5.431541,43.208518],[5.431454,43.20853],[5.43105,43.208485],[5.430896,43.208537],[5.430952,43.208648],[5.430894,43.208666],[5.430909,43.208762],[5.43105,43.208836],[5.431077,43.209106],[5.431221,43.209187],[5.431254,43.209439],[5.430827,43.209321],[5.430705,43.209195],[5.430418,43.209195],[5.430018,43.209017],[5.429665,43.208958],[5.429643,43.209137],[5.429832,43.209393],[5.42936,43.20937],[5.429199,43.209226],[5.428915,43.209269],[5.428851,43.209324],[5.428937,43.209402],[5.428787,43.209473],[5.428718,43.209912],[5.428569,43.209897],[5.428059,43.210325],[5.428021,43.210482],[5.427884,43.210258],[5.427905,43.210091],[5.427817,43.210006],[5.426858,43.209992],[5.426915,43.20977],[5.426747,43.209542],[5.426768,43.209471],[5.426554,43.209441],[5.426149,43.209574],[5.425929,43.209559],[5.425756,43.209737],[5.425888,43.209718],[5.425394,43.210029],[5.425976,43.210361],[5.425295,43.210922],[5.426591,43.211828],[5.426746,43.212054],[5.4268,43.212279],[5.426964,43.212401],[5.427174,43.212767],[5.42729,43.212803],[5.427382,43.213075],[5.427738,43.213505],[5.427563,43.213913],[5.427733,43.214324],[5.426549,43.215164],[5.426802,43.215563],[5.426899,43.215889],[5.426332,43.216118],[5.425709,43.216686],[5.425175,43.217323],[5.424976,43.217719],[5.424796,43.218337],[5.423576,43.218833],[5.423278,43.218993],[5.423185,43.21912],[5.423104,43.218965],[5.423339,43.217994],[5.423271,43.217855],[5.423142,43.217843],[5.422222,43.218417],[5.421607,43.218502],[5.421198,43.218397],[5.420499,43.218499],[5.420019,43.218657],[5.419828,43.218821],[5.41918,43.219028],[5.419034,43.219199],[5.418795,43.218792],[5.41882,43.21894],[5.418661,43.219122],[5.418158,43.219475],[5.417925,43.219548],[5.417746,43.219477],[5.417655,43.219352],[5.417378,43.218783],[5.416373,43.218476],[5.415869,43.218154],[5.415487,43.21819],[5.41536,43.218359],[5.415411,43.218545],[5.415843,43.219082],[5.415801,43.219291],[5.415634,43.219384],[5.415413,43.219385],[5.415516,43.219211],[5.415495,43.219063],[5.415183,43.218786],[5.414237,43.218519],[5.413645,43.220214],[5.412287,43.219411],[5.411667,43.220538],[5.411245,43.221128],[5.411584,43.221561],[5.41075,43.222421],[5.410686,43.222494]]]]}},{"type":"Feature","properties":{"name":"MAZARGUES","slug":"mazargues","arrondissement":9,"center":[5.40557,43.250005]},"geometry":{"type":"Polygon","coordinates":[[[5.415504,43.246015],[5.414566,43.245617],[5.414665,43.24548],[5.415345,43.245057],[5.414957,43.245002],[5.41472,43.24519],[5.414329,43.245235],[5.413896,43.245153],[5.413471,43.244601],[5.413429,43.244101],[5.413173,43.24385],[5.412782,43.243885],[5.412557,43.243765],[5.411406,43.240706],[5.409931,43.241146],[5.409517,43.241371],[5.406762,43.242456],[5.406357,43.242549],[5.406271,43.242825],[5.406281,43.243125],[5.40609,43.243576],[5.405444,43.243141],[5.404033,43.241579],[5.403299,43.242244],[5.400126,43.244443],[5.397893,43.24563],[5.397662,43.245614],[5.396698,43.2445],[5.396468,43.244407],[5.396282,43.244431],[5.395313,43.245479],[5.395168,43.246127],[5.394893,43.246277],[5.39542,43.246393],[5.396926,43.247412],[5.397103,43.247819],[5.397124,43.248172],[5.396943,43.248909],[5.396975,43.249089],[5.396824,43.249179],[5.396931,43.249203],[5.39654,43.249499],[5.395289,43.250737],[5.394823,43.251345],[5.394663,43.251989],[5.394557,43.25338],[5.399355,43.254647],[5.399268,43.254898],[5.398679,43.255802],[5.397648,43.257012],[5.396948,43.258089],[5.398863,43.258678],[5.399111,43.258718],[5.39919,43.258576],[5.399311,43.25883],[5.402241,43.2598],[5.402792,43.259106],[5.404101,43.256803],[5.406547,43.255277],[5.407324,43.255943],[5.408253,43.256606],[5.408586,43.257944],[5.409139,43.258609],[5.409431,43.258648],[5.409627,43.258518],[5.409832,43.258241],[5.409953,43.257786],[5.410192,43.25778],[5.410288,43.257883],[5.410513,43.25781],[5.410993,43.257169],[5.410822,43.25703],[5.410655,43.257064],[5.410723,43.256945],[5.411615,43.256091],[5.412196,43.255096],[5.413504,43.253469],[5.413918,43.253094],[5.414523,43.25283],[5.414748,43.252659],[5.414876,43.252346],[5.414852,43.251923],[5.415382,43.250802],[5.415747,43.250575],[5.41611,43.250476],[5.416551,43.250073],[5.416414,43.249422],[5.416095,43.248836],[5.416086,43.248684],[5.416238,43.247921],[5.416643,43.247681],[5.416896,43.247299],[5.416112,43.246837],[5.415463,43.246093],[5.415569,43.246027],[5.415504,43.246015]]]}},{"type":"Feature","properties":{"name":"SAINT-LOUP","slug":"saint-loup","arrondissement":10,"center":[5.439594,43.275331]},"geometry":{"type":"Polygon","coordinates":[[[5.444433,43.277008],[5.444437,43.276762],[5.445191,43.27638],[5.445957,43.275728],[5.446589,43.275368],[5.448252,43.274943],[5.449595,43.274741],[5.44999,43.274749],[5.451124,43.274113],[5.45172,43.273988],[5.452197,43.273722],[5.452355,43.274348],[5.452301,43.2747],[5.452401,43.274976],[5.452827,43.27534],[5.454385,43.275934],[5.456016,43.276048],[5.45609,43.275546],[5.455245,43.274592],[5.455085,43.27405],[5.454819,43.273596],[5.454356,43.273185],[5.454177,43.272922],[5.454131,43.272686],[5.453666,43.27252],[5.453514,43.272361],[5.453488,43.272215],[5.453714,43.271476],[5.453888,43.271343],[5.454219,43.269987],[5.453623,43.267513],[5.453801,43.266682],[5.453939,43.26645],[5.453986,43.265831],[5.454133,43.265512],[5.454085,43.265406],[5.455151,43.26474],[5.456086,43.264027],[5.449551,43.265092],[5.442169,43.266614],[5.441353,43.266671],[5.440369,43.266585],[5.439727,43.266779],[5.439638,43.266725],[5.43919,43.266894],[5.439066,43.26702],[5.438264,43.267024],[5.437709,43.267136],[5.43743,43.267272],[5.437176,43.267197],[5.436514,43.267495],[5.436368,43.267428],[5.436253,43.267621],[5.43594,43.267822],[5.435375,43.267909],[5.435014,43.268052],[5.435,43.268186],[5.434716,43.268589],[5.434731,43.268738],[5.434577,43.269014],[5.434521,43.270131],[5.433068,43.271414],[5.433299,43.27178],[5.43324,43.271994],[5.432472,43.272325],[5.432332,43.272531],[5.43231,43.272731],[5.431818,43.272788],[5.431549,43.272999],[5.43014,43.27256],[5.428788,43.271765],[5.428331,43.272132],[5.428212,43.272639],[5.427975,43.272977],[5.426957,43.274],[5.426603,43.274777],[5.426451,43.274935],[5.426238,43.275585],[5.426291,43.275909],[5.427275,43.277136],[5.427542,43.277742],[5.427696,43.277917],[5.427693,43.278027],[5.427539,43.27814],[5.427334,43.278119],[5.427235,43.278297],[5.426416,43.278841],[5.425782,43.278707],[5.425576,43.278929],[5.425541,43.279165],[5.424559,43.27985],[5.425958,43.280301],[5.426323,43.280479],[5.427215,43.281067],[5.427455,43.281392],[5.427481,43.281639],[5.427554,43.281644],[5.427138,43.283101],[5.426697,43.284239],[5.426758,43.284286],[5.426505,43.285179],[5.426367,43.28556],[5.426066,43.285862],[5.429331,43.286182],[5.429429,43.285839],[5.432616,43.286314],[5.433936,43.285788],[5.434712,43.285706],[5.43482,43.285339],[5.434966,43.285308],[5.435404,43.285439],[5.436313,43.28512],[5.436694,43.28469],[5.436001,43.284319],[5.436038,43.284215],[5.437397,43.284701],[5.439888,43.284982],[5.442043,43.285665],[5.442343,43.285131],[5.442711,43.284135],[5.443913,43.283683],[5.444736,43.283668],[5.444986,43.283274],[5.444187,43.282977],[5.444534,43.282333],[5.443431,43.281819],[5.442918,43.281768],[5.442212,43.2814],[5.442216,43.281279],[5.443615,43.280369],[5.444901,43.279283],[5.444308,43.278483],[5.444417,43.277994],[5.444433,43.277008]]]}},{"type":"Feature","properties":{"name":"SAINT-TRONC","slug":"saint-tronc","arrondissement":10,"center":[5.434402,43.266531]},"geometry":{"type":"Polygon","coordinates":[[[5.432297,43.272733],[5.432332,43.272531],[5.432472,43.272325],[5.43324,43.271994],[5.433299,43.27178],[5.433068,43.271414],[5.434521,43.270131],[5.434577,43.269014],[5.434731,43.268738],[5.434716,43.268589],[5.435,43.268186],[5.435014,43.268052],[5.435375,43.267909],[5.43594,43.267822],[5.436253,43.267621],[5.436368,43.267428],[5.436514,43.267495],[5.437176,43.267197],[5.43743,43.267272],[5.437709,43.267136],[5.438264,43.267024],[5.439066,43.26702],[5.43919,43.266894],[5.439638,43.266725],[5.439727,43.266779],[5.440369,43.266585],[5.441353,43.266671],[5.442169,43.266614],[5.449551,43.265092],[5.456086,43.264027],[5.457448,43.263309],[5.458297,43.262772],[5.458908,43.260875],[5.459327,43.259973],[5.459603,43.259623],[5.459841,43.259482],[5.459391,43.258892],[5.458211,43.2593],[5.457666,43.259302],[5.45673,43.25905],[5.456145,43.258716],[5.45569,43.258271],[5.455486,43.25789],[5.454276,43.257592],[5.453747,43.257833],[5.452239,43.257463],[5.450037,43.258156],[5.449657,43.258194],[5.446708,43.257785],[5.446283,43.257662],[5.446028,43.257508],[5.445867,43.257504],[5.445831,43.25743],[5.445674,43.257467],[5.445485,43.257347],[5.44543,43.257139],[5.445326,43.257051],[5.444632,43.256936],[5.444108,43.257042],[5.442214,43.257977],[5.441059,43.258434],[5.439908,43.258557],[5.438562,43.25846],[5.437861,43.258706],[5.436602,43.259515],[5.435995,43.259677],[5.434558,43.259727],[5.434114,43.259999],[5.433514,43.260058],[5.432841,43.26053],[5.431951,43.260565],[5.431429,43.260409],[5.430708,43.260499],[5.429188,43.26132],[5.429272,43.261791],[5.429023,43.262669],[5.42887,43.263991],[5.428912,43.264332],[5.429766,43.265296],[5.42942,43.265367],[5.429415,43.265524],[5.429695,43.265513],[5.429785,43.265582],[5.429711,43.265613],[5.426952,43.266461],[5.425921,43.266501],[5.424856,43.266797],[5.424141,43.266873],[5.422951,43.267213],[5.422383,43.267291],[5.421745,43.267491],[5.41981,43.267904],[5.418319,43.268058],[5.417353,43.268045],[5.414724,43.268278],[5.412858,43.268367],[5.411476,43.269897],[5.412413,43.270327],[5.412338,43.270788],[5.413186,43.271526],[5.413147,43.271685],[5.414716,43.272399],[5.414495,43.272847],[5.413857,43.273756],[5.414481,43.274073],[5.415701,43.274918],[5.418631,43.276637],[5.419772,43.277128],[5.422177,43.278761],[5.423234,43.279379],[5.424559,43.27985],[5.425541,43.279165],[5.425576,43.278929],[5.425782,43.278707],[5.426416,43.278841],[5.427235,43.278297],[5.427334,43.278119],[5.427539,43.27814],[5.427693,43.278027],[5.427696,43.277917],[5.427542,43.277742],[5.427366,43.27728],[5.426341,43.275988],[5.426225,43.275695],[5.426451,43.274935],[5.426603,43.274777],[5.42688,43.274127],[5.427176,43.273725],[5.428052,43.272877],[5.428265,43.27251],[5.428331,43.272132],[5.428788,43.271765],[5.43014,43.27256],[5.431549,43.272999],[5.431818,43.272788],[5.432272,43.272736],[5.432297,43.272733]]]}},{"type":"Feature","properties":{"name":"EOURES","slug":"eoures","arrondissement":11,"center":[5.524673,43.30107]},"geometry":{"type":"Polygon","coordinates":[[[5.520051,43.295987],[5.519816,43.296217],[5.519923,43.296504],[5.519738,43.296947],[5.519931,43.297723],[5.519454,43.297648],[5.517059,43.297701],[5.516929,43.298685],[5.517124,43.29887],[5.517195,43.299423],[5.517961,43.299325],[5.518314,43.300435],[5.517283,43.300217],[5.517255,43.300361],[5.516798,43.300617],[5.516891,43.300957],[5.517047,43.301069],[5.517411,43.301644],[5.517526,43.301604],[5.518175,43.302348],[5.517834,43.302541],[5.517994,43.303012],[5.517812,43.303149],[5.518015,43.303536],[5.518485,43.304216],[5.519205,43.303712],[5.51992,43.303377],[5.520384,43.303249],[5.521958,43.30548],[5.521922,43.305605],[5.521644,43.305742],[5.521639,43.305851],[5.522061,43.30654],[5.522358,43.306876],[5.522562,43.307037],[5.523122,43.307005],[5.523611,43.30718],[5.523744,43.307254],[5.523905,43.307516],[5.524525,43.307777],[5.524517,43.308323],[5.525182,43.309351],[5.525625,43.309815],[5.526505,43.310331],[5.527013,43.310895],[5.527206,43.31124],[5.527483,43.311485],[5.527571,43.311694],[5.52813,43.312045],[5.52864,43.312605],[5.53047,43.313596],[5.53073,43.313679],[5.531078,43.312968],[5.531111,43.312723],[5.530744,43.31221],[5.529833,43.31184],[5.528358,43.311014],[5.527054,43.309131],[5.527068,43.308906],[5.528488,43.307182],[5.528568,43.304839],[5.528359,43.303782],[5.52914,43.302901],[5.529444,43.303047],[5.52961,43.302612],[5.530108,43.30181],[5.530211,43.301478],[5.530129,43.301213],[5.530162,43.301105],[5.531382,43.300226],[5.531626,43.300194],[5.531725,43.300042],[5.532543,43.299507],[5.532402,43.298989],[5.532109,43.298345],[5.531434,43.298036],[5.531204,43.297769],[5.530588,43.297387],[5.53019,43.297291],[5.530121,43.297063],[5.529843,43.296776],[5.52929,43.296531],[5.52931,43.296362],[5.529092,43.296227],[5.529034,43.296079],[5.528335,43.295961],[5.528265,43.2954],[5.528031,43.295139],[5.527993,43.294861],[5.528108,43.294485],[5.528103,43.293855],[5.52763,43.293885],[5.526868,43.294223],[5.525393,43.29428],[5.524762,43.2942],[5.522737,43.293163],[5.52188,43.292319],[5.520878,43.293631],[5.521038,43.293798],[5.520906,43.29433],[5.520633,43.294837],[5.520648,43.295215],[5.520561,43.295297],[5.520507,43.295568],[5.520112,43.295897],[5.520051,43.295987]]]}},{"type":"Feature","properties":{"name":"LA POMME","slug":"la-pomme","arrondissement":11,"center":[5.438565,43.291082]},"geometry":{"type":"Polygon","coordinates":[[[5.429331,43.286182],[5.42736,43.285949],[5.425646,43.285851],[5.425411,43.285936],[5.425234,43.286138],[5.425176,43.288207],[5.425306,43.288449],[5.42559,43.288684],[5.425759,43.288931],[5.425797,43.29014],[5.426341,43.289912],[5.426401,43.290753],[5.426342,43.290913],[5.425985,43.291267],[5.424874,43.292681],[5.424939,43.293265],[5.4253,43.293823],[5.425822,43.293895],[5.426136,43.29404],[5.426659,43.293968],[5.427139,43.293806],[5.428424,43.293754],[5.429765,43.293805],[5.430639,43.293968],[5.431466,43.293969],[5.431809,43.294045],[5.433086,43.294522],[5.433884,43.294919],[5.434773,43.29509],[5.435364,43.295428],[5.435962,43.29565],[5.437457,43.29593],[5.437344,43.296367],[5.438516,43.29663],[5.438453,43.296858],[5.438538,43.297062],[5.440162,43.297314],[5.44073,43.297327],[5.440697,43.297028],[5.440936,43.296218],[5.441294,43.295499],[5.441849,43.294759],[5.442192,43.294884],[5.442259,43.294714],[5.447763,43.296429],[5.448298,43.296812],[5.448427,43.296619],[5.448904,43.29722],[5.449309,43.297549],[5.449447,43.297377],[5.44953,43.29674],[5.450461,43.296143],[5.450885,43.296026],[5.451272,43.295823],[5.452598,43.294726],[5.452681,43.295001],[5.453057,43.294917],[5.452979,43.294761],[5.45398,43.294407],[5.4555,43.294088],[5.455538,43.293438],[5.455933,43.293032],[5.455194,43.292751],[5.454558,43.292053],[5.45393,43.291794],[5.453991,43.291525],[5.453156,43.291284],[5.452129,43.291312],[5.451077,43.291033],[5.450772,43.290896],[5.450303,43.29016],[5.450113,43.290091],[5.449872,43.290075],[5.449487,43.290179],[5.448599,43.290718],[5.447832,43.290889],[5.446697,43.290942],[5.446247,43.291168],[5.445498,43.290992],[5.444783,43.290669],[5.444015,43.290174],[5.443627,43.289792],[5.443096,43.289518],[5.442983,43.289247],[5.442767,43.289149],[5.442556,43.288938],[5.442295,43.28853],[5.442024,43.288424],[5.441613,43.288409],[5.441758,43.287979],[5.444144,43.288709],[5.445301,43.286799],[5.44166,43.285525],[5.439888,43.284982],[5.437397,43.284701],[5.436038,43.284215],[5.436001,43.284319],[5.436694,43.28469],[5.436313,43.28512],[5.435404,43.285439],[5.434966,43.285308],[5.43482,43.285339],[5.434712,43.285706],[5.433936,43.285788],[5.432616,43.286314],[5.429429,43.285839],[5.429368,43.286061],[5.429331,43.286182]]]}},{"type":"Feature","properties":{"name":"SAINT-BARNABE","slug":"saint-barnabe","arrondissement":12,"center":[5.417388,43.304664]},"geometry":{"type":"Polygon","coordinates":[[[5.416767,43.298325],[5.416651,43.29807],[5.417057,43.297377],[5.41701,43.297252],[5.412442,43.296499],[5.40931,43.296205],[5.408993,43.296342],[5.408565,43.297261],[5.409047,43.297313],[5.408933,43.297736],[5.408999,43.298291],[5.40974,43.298424],[5.409711,43.298617],[5.409952,43.298656],[5.409771,43.299299],[5.408341,43.299272],[5.40814,43.298977],[5.408198,43.298593],[5.407734,43.298476],[5.407168,43.298519],[5.406831,43.298607],[5.406654,43.298732],[5.406576,43.29935],[5.406447,43.299571],[5.406895,43.300956],[5.407157,43.301188],[5.407751,43.301066],[5.409528,43.303812],[5.409643,43.303889],[5.409716,43.304097],[5.409555,43.304164],[5.410394,43.304717],[5.410876,43.30514],[5.411259,43.305828],[5.411294,43.306031],[5.410899,43.306808],[5.410736,43.307647],[5.410749,43.307976],[5.410963,43.308417],[5.411023,43.309266],[5.413885,43.308951],[5.414048,43.309821],[5.416054,43.309799],[5.416152,43.311433],[5.416134,43.3123],[5.420684,43.311859],[5.420679,43.31239],[5.421978,43.312398],[5.422355,43.312492],[5.423068,43.312783],[5.424317,43.313521],[5.424802,43.313473],[5.425337,43.313031],[5.42536,43.313611],[5.425423,43.313669],[5.427748,43.313808],[5.428072,43.312124],[5.428311,43.311401],[5.42809,43.31094],[5.427034,43.310083],[5.425839,43.30864],[5.42544,43.308275],[5.425449,43.307546],[5.424119,43.30734],[5.423013,43.307073],[5.422729,43.305107],[5.422899,43.304061],[5.423416,43.304113],[5.423554,43.303126],[5.423793,43.302641],[5.424037,43.302374],[5.424664,43.30061],[5.424569,43.299855],[5.424244,43.299728],[5.424405,43.29929],[5.424233,43.299142],[5.423747,43.299284],[5.423758,43.299471],[5.421736,43.29943],[5.421713,43.298888],[5.42109,43.298841],[5.418527,43.298198],[5.417297,43.298078],[5.417035,43.298134],[5.416826,43.298301],[5.416767,43.298325]]]}},{"type":"Feature","properties":{"name":"MALPASSE","slug":"malpasse","arrondissement":13,"center":[5.414625,43.325456]},"geometry":{"type":"Polygon","coordinates":[[[5.41008,43.320765],[5.409383,43.320887],[5.409184,43.320992],[5.409199,43.321903],[5.409782,43.32351],[5.40988,43.324108],[5.409853,43.324768],[5.409611,43.325873],[5.409401,43.326222],[5.409283,43.326768],[5.408473,43.326665],[5.40826,43.326731],[5.407655,43.326686],[5.407652,43.326991],[5.407523,43.32709],[5.406047,43.327071],[5.406038,43.327669],[5.405489,43.327741],[5.405367,43.327926],[5.405128,43.327877],[5.404433,43.327973],[5.404276,43.328225],[5.404296,43.328355],[5.404079,43.32842],[5.403921,43.32879],[5.403354,43.329542],[5.403605,43.329599],[5.404213,43.330296],[5.404801,43.330709],[5.405579,43.330797],[5.4061,43.331117],[5.406226,43.331121],[5.408154,43.330778],[5.410356,43.330662],[5.411323,43.330693],[5.412039,43.330608],[5.412564,43.330434],[5.413904,43.329816],[5.413747,43.329744],[5.413836,43.32947],[5.413997,43.329664],[5.414213,43.329684],[5.415607,43.3291],[5.416818,43.328876],[5.418194,43.327925],[5.418194,43.327702],[5.418388,43.327631],[5.418591,43.327678],[5.418603,43.327897],[5.418699,43.327959],[5.419099,43.327938],[5.420239,43.328354],[5.421014,43.328374],[5.42141,43.328222],[5.421686,43.328025],[5.422984,43.326848],[5.423088,43.32691],[5.42405,43.325777],[5.422526,43.325012],[5.422442,43.32476],[5.421336,43.323503],[5.4216,43.323283],[5.422729,43.323209],[5.423155,43.323084],[5.423173,43.322853],[5.423909,43.322271],[5.424328,43.321796],[5.423978,43.320722],[5.422371,43.320993],[5.422073,43.321172],[5.421769,43.321255],[5.421777,43.320704],[5.421081,43.320122],[5.420943,43.319839],[5.420339,43.319878],[5.41965,43.320549],[5.419172,43.320904],[5.418944,43.320929],[5.418188,43.320627],[5.418048,43.32065],[5.417768,43.31983],[5.417437,43.319775],[5.416993,43.31994],[5.416649,43.319972],[5.41646,43.319932],[5.4163,43.319636],[5.415955,43.319938],[5.415361,43.319837],[5.414965,43.319846],[5.413469,43.321125],[5.413109,43.320837],[5.41235,43.32083],[5.411733,43.32138],[5.411472,43.321277],[5.411205,43.32158],[5.41044,43.32115],[5.41008,43.320765]]]}},{"type":"Feature","properties":{"name":"LA ROSE","slug":"la-rose","arrondissement":13,"center":[5.428807,43.329877]},"geometry":{"type":"Polygon","coordinates":[[[5.430567,43.323019],[5.430615,43.322783],[5.430388,43.322636],[5.429955,43.322762],[5.429157,43.321661],[5.4272,43.322003],[5.427246,43.322094],[5.427128,43.322188],[5.426911,43.322724],[5.426981,43.322918],[5.426563,43.323079],[5.425144,43.322486],[5.424328,43.321796],[5.423909,43.322271],[5.423173,43.322853],[5.423155,43.323084],[5.422729,43.323209],[5.4216,43.323283],[5.421347,43.323442],[5.421374,43.323577],[5.422442,43.32476],[5.422526,43.325012],[5.42405,43.325776],[5.423088,43.32691],[5.422984,43.326848],[5.422664,43.327095],[5.42141,43.328222],[5.420942,43.328385],[5.4214,43.328558],[5.422238,43.329164],[5.422607,43.329682],[5.422436,43.33072],[5.422481,43.33106],[5.421955,43.331629],[5.422167,43.331935],[5.42196,43.332919],[5.42234,43.332966],[5.422441,43.333055],[5.422757,43.333516],[5.422823,43.334117],[5.424484,43.334692],[5.424004,43.33538],[5.424327,43.335801],[5.425615,43.33656],[5.425333,43.336897],[5.425445,43.337151],[5.424762,43.337399],[5.424718,43.33755],[5.42479,43.337798],[5.424312,43.337931],[5.425464,43.338264],[5.425868,43.338047],[5.427449,43.337785],[5.427935,43.337602],[5.428189,43.33841],[5.428779,43.33825],[5.429047,43.338424],[5.429591,43.339022],[5.430334,43.338859],[5.432259,43.338111],[5.432337,43.337376],[5.432742,43.336603],[5.432987,43.335144],[5.433207,43.335181],[5.434343,43.334464],[5.435248,43.334425],[5.436037,43.334278],[5.43726,43.334282],[5.437459,43.334409],[5.437688,43.334434],[5.438076,43.333214],[5.435921,43.332806],[5.434682,43.332236],[5.434293,43.332006],[5.434437,43.331503],[5.433488,43.330909],[5.433233,43.330827],[5.432555,43.330039],[5.431142,43.329138],[5.430885,43.329066],[5.43151,43.328857],[5.432952,43.328617],[5.433055,43.328516],[5.435474,43.327806],[5.435066,43.327073],[5.435341,43.326689],[5.43527,43.32658],[5.435068,43.326488],[5.435241,43.326439],[5.435325,43.326222],[5.435895,43.326029],[5.436404,43.325953],[5.436589,43.325841],[5.436826,43.32517],[5.436964,43.324381],[5.436067,43.323729],[5.435221,43.322881],[5.434671,43.32267],[5.434131,43.322836],[5.434041,43.323073],[5.433832,43.323314],[5.433593,43.323306],[5.433357,43.323484],[5.433088,43.323536],[5.432301,43.323567],[5.432084,43.323646],[5.431595,43.323644],[5.430994,43.323749],[5.430755,43.32365],[5.43061,43.323381],[5.430567,43.323019]]]}},{"type":"Feature","properties":{"name":"SAINT-MITRE","slug":"saint-mitre","arrondissement":13,"center":[5.423655,43.346347]},"geometry":{"type":"Polygon","coordinates":[[[5.429591,43.339022],[5.429047,43.338424],[5.428779,43.33825],[5.428189,43.33841],[5.427935,43.337602],[5.427449,43.337785],[5.425868,43.338047],[5.425464,43.338264],[5.424312,43.337931],[5.423945,43.338149],[5.423072,43.337389],[5.422913,43.337769],[5.420874,43.337474],[5.420571,43.33869],[5.420714,43.339242],[5.420575,43.339166],[5.42037,43.339235],[5.420235,43.339583],[5.420411,43.339714],[5.420234,43.339746],[5.420117,43.339884],[5.419953,43.340625],[5.41946,43.340926],[5.418706,43.340418],[5.418539,43.340474],[5.418429,43.340601],[5.418327,43.340481],[5.418094,43.340828],[5.417623,43.3409],[5.416782,43.3408],[5.416083,43.341045],[5.415739,43.340989],[5.416223,43.340466],[5.414028,43.339679],[5.41324,43.339855],[5.412205,43.340578],[5.410256,43.34135],[5.41048,43.342031],[5.410454,43.342507],[5.41112,43.343168],[5.411295,43.343525],[5.411816,43.344198],[5.413748,43.345424],[5.414567,43.346309],[5.414361,43.346742],[5.413734,43.347233],[5.413209,43.347839],[5.412695,43.348831],[5.412346,43.349104],[5.411989,43.349523],[5.412433,43.350011],[5.413204,43.350564],[5.413536,43.350924],[5.414362,43.351465],[5.414643,43.351585],[5.414954,43.351584],[5.418146,43.353331],[5.419659,43.353891],[5.420516,43.354078],[5.42093,43.354251],[5.421249,43.354703],[5.421214,43.354985],[5.422197,43.35551],[5.422571,43.35597],[5.42286,43.356469],[5.42522,43.355544],[5.425638,43.355249],[5.426229,43.355015],[5.426879,43.354506],[5.427262,43.354348],[5.428196,43.354464],[5.429335,43.353991],[5.430203,43.35394],[5.430597,43.35373],[5.430893,43.353362],[5.431859,43.35266],[5.432677,43.352156],[5.433769,43.351671],[5.432973,43.351201],[5.433139,43.351049],[5.433306,43.350689],[5.43364,43.350268],[5.434122,43.349795],[5.434063,43.349579],[5.434614,43.349156],[5.435054,43.348474],[5.435687,43.34839],[5.435447,43.347584],[5.43543,43.347095],[5.43505,43.346512],[5.434955,43.346246],[5.433318,43.34676],[5.433599,43.345469],[5.433548,43.345287],[5.433831,43.344291],[5.43395,43.344232],[5.434234,43.343305],[5.434159,43.343281],[5.434201,43.342952],[5.433993,43.341662],[5.433689,43.341542],[5.432709,43.341553],[5.432781,43.341036],[5.432613,43.340228],[5.432794,43.339204],[5.432716,43.338768],[5.432579,43.338639],[5.43232,43.33856],[5.432288,43.338212],[5.43204,43.338161],[5.430632,43.338752],[5.429832,43.338969],[5.429591,43.339022]]]}},{"type":"Feature","properties":{"name":"NOTRE-DAME-LIMITE","slug":"notre-dame-limite","arrondissement":15,"center":[5.365293,43.382286]},"geometry":{"type":"Polygon","coordinates":[[[5.357049,43.376834],[5.354563,43.377168],[5.354518,43.377101],[5.353637,43.377676],[5.353464,43.377043],[5.353382,43.377113],[5.353301,43.377284],[5.352956,43.377561],[5.352843,43.377837],[5.352641,43.378001],[5.352493,43.378253],[5.351877,43.379346],[5.351922,43.379375],[5.351639,43.380119],[5.351039,43.380529],[5.350768,43.381498],[5.350402,43.382366],[5.350429,43.382845],[5.354102,43.384352],[5.354659,43.384691],[5.354764,43.385082],[5.356491,43.385059],[5.356551,43.385213],[5.35671,43.385233],[5.356903,43.385176],[5.356987,43.384849],[5.357048,43.384828],[5.35716,43.38484],[5.357219,43.385038],[5.358684,43.38498],[5.358843,43.385837],[5.359465,43.385752],[5.359942,43.385957],[5.360705,43.385967],[5.360826,43.3872],[5.363237,43.38722],[5.363821,43.387719],[5.364696,43.388102],[5.365651,43.388315],[5.366171,43.388192],[5.366734,43.388208],[5.367237,43.388497],[5.368284,43.389512],[5.368541,43.38965],[5.370075,43.389675],[5.371145,43.389431],[5.371223,43.38932],[5.374643,43.388689],[5.374982,43.388338],[5.375043,43.388145],[5.376108,43.387082],[5.376845,43.386223],[5.378355,43.384906],[5.378487,43.384594],[5.378458,43.384291],[5.377595,43.384217],[5.376942,43.383965],[5.376816,43.383762],[5.376988,43.382169],[5.377268,43.381282],[5.377461,43.379898],[5.377707,43.379587],[5.377212,43.379362],[5.376244,43.379162],[5.375376,43.378856],[5.375198,43.378619],[5.374349,43.377958],[5.374277,43.377533],[5.374154,43.377347],[5.37399,43.377333],[5.373208,43.376974],[5.372172,43.37635],[5.371838,43.376285],[5.371738,43.376333],[5.371715,43.376845],[5.371598,43.376971],[5.370717,43.377131],[5.370534,43.377319],[5.370499,43.37719],[5.370001,43.377291],[5.370076,43.3779],[5.370297,43.378289],[5.366389,43.376869],[5.364397,43.377035],[5.364153,43.376941],[5.364377,43.376696],[5.364272,43.376627],[5.364254,43.376201],[5.364138,43.376048],[5.363724,43.375881],[5.363687,43.375937],[5.362792,43.375553],[5.362638,43.375806],[5.362,43.376111],[5.35971,43.376479],[5.35959,43.376616],[5.359479,43.376942],[5.358532,43.376317],[5.358578,43.376535],[5.358509,43.376614],[5.357342,43.376791],[5.357049,43.376834]]]}},{"type":"Feature","properties":{"name":"L'ESTAQUE","slug":"l-estaque","arrondissement":16,"center":[5.315965,43.368359]},"geometry":{"type":"Polygon","coordinates":[[[5.326914,43.361124],[5.327484,43.360976],[5.326823,43.360372],[5.327131,43.360216],[5.326742,43.359778],[5.326542,43.358511],[5.326285,43.358332],[5.325899,43.358594],[5.325338,43.358844],[5.32442,43.359031],[5.324427,43.358869],[5.323875,43.357613],[5.323711,43.357432],[5.323002,43.357328],[5.322734,43.357122],[5.322292,43.356634],[5.32221,43.356406],[5.322465,43.356296],[5.322322,43.356113],[5.321795,43.356335],[5.321538,43.356031],[5.322401,43.35564],[5.322328,43.35553],[5.321188,43.356022],[5.321033,43.355964],[5.319986,43.356426],[5.319612,43.356684],[5.318836,43.356991],[5.318811,43.357038],[5.319188,43.357523],[5.318412,43.35813],[5.318108,43.358461],[5.318065,43.358405],[5.317901,43.358473],[5.318005,43.358565],[5.317643,43.358991],[5.317183,43.359259],[5.316969,43.358776],[5.316442,43.358919],[5.316438,43.35907],[5.315009,43.35953],[5.314657,43.358921],[5.314531,43.358868],[5.314602,43.358847],[5.314566,43.358788],[5.315542,43.358377],[5.315406,43.358317],[5.313833,43.35888],[5.313968,43.35888],[5.314047,43.358998],[5.314131,43.358991],[5.314547,43.359513],[5.314636,43.359539],[5.314437,43.359615],[5.314623,43.359614],[5.314721,43.35984],[5.314202,43.360279],[5.312766,43.360683],[5.312579,43.360595],[5.311411,43.361089],[5.310866,43.360937],[5.310587,43.360985],[5.310456,43.360901],[5.309161,43.361195],[5.308785,43.361384],[5.308746,43.361222],[5.308806,43.361176],[5.308572,43.361166],[5.308601,43.361328],[5.308515,43.361374],[5.308558,43.36146],[5.308405,43.36165],[5.308284,43.361676],[5.307842,43.361563],[5.307928,43.361378],[5.307818,43.361272],[5.307931,43.361223],[5.307958,43.361006],[5.309952,43.36033],[5.309885,43.360217],[5.306672,43.361029],[5.306314,43.361048],[5.306469,43.36218],[5.306663,43.362929],[5.306628,43.363253],[5.306687,43.363575],[5.306589,43.363863],[5.306667,43.364123],[5.306122,43.364848],[5.3063,43.364848],[5.306661,43.364638],[5.307566,43.364612],[5.308123,43.364434],[5.308251,43.364443],[5.308463,43.364811],[5.308613,43.364824],[5.309005,43.364672],[5.309138,43.36479],[5.309019,43.364916],[5.308618,43.365075],[5.307383,43.365267],[5.30662,43.365619],[5.30662,43.365759],[5.307059,43.366828],[5.307039,43.366927],[5.306708,43.367223],[5.306541,43.367635],[5.306,43.367933],[5.306917,43.368753],[5.307291,43.368935],[5.307265,43.369114],[5.30713,43.369432],[5.306431,43.370104],[5.306372,43.370414],[5.303156,43.375885],[5.303513,43.376778],[5.302523,43.380111],[5.303687,43.380833],[5.30397,43.381078],[5.303949,43.380888],[5.30547,43.38126],[5.306101,43.381541],[5.306275,43.381202],[5.308118,43.381494],[5.308363,43.381679],[5.309417,43.382049],[5.310314,43.381597],[5.310439,43.381482],[5.310749,43.380808],[5.310708,43.38007],[5.311102,43.37968],[5.311226,43.37938],[5.311533,43.379092],[5.312427,43.378566],[5.312781,43.378186],[5.313092,43.378004],[5.31338,43.377988],[5.31532,43.377248],[5.315527,43.376983],[5.316645,43.377083],[5.317029,43.377008],[5.317577,43.375738],[5.318045,43.375076],[5.317957,43.374631],[5.318015,43.374438],[5.318315,43.374044],[5.319156,43.373452],[5.319293,43.373152],[5.319295,43.372774],[5.319211,43.372616],[5.319263,43.372316],[5.318898,43.37147],[5.318543,43.370986],[5.318286,43.371177],[5.318489,43.370415],[5.318738,43.370154],[5.319434,43.369831],[5.320093,43.369312],[5.320285,43.369056],[5.320469,43.368483],[5.321439,43.3682],[5.322001,43.368201],[5.323785,43.369618],[5.323996,43.369689],[5.324072,43.369953],[5.324058,43.37044],[5.324284,43.371081],[5.324419,43.371203],[5.324607,43.371368],[5.326386,43.372084],[5.327145,43.372337],[5.327519,43.372288],[5.329221,43.371572],[5.329304,43.371038],[5.329238,43.370332],[5.32926,43.368951],[5.329924,43.367047],[5.330389,43.366746],[5.330908,43.365667],[5.331329,43.364464],[5.332002,43.363448],[5.33199,43.363023],[5.332075,43.362948],[5.329782,43.363083],[5.329782,43.362735],[5.328527,43.362465],[5.328455,43.3626],[5.328262,43.362706],[5.327315,43.362881],[5.327158,43.36157],[5.327041,43.361338],[5.326914,43.361124]]]}},{"type":"Feature","properties":{"name":"SAINT-ANDRE","slug":"saint-andre","arrondissement":16,"center":[5.34244,43.352636]},"geometry":{"type":"MultiPolygon","coordinates":[[[[5.339967,43.343667],[5.339918,43.343608],[5.339842,43.343639],[5.339912,43.343689],[5.339967,43.343667]]],[[[5.340745,43.344607],[5.340697,43.34455],[5.340634,43.344579],[5.34067,43.344638],[5.340745,43.344607]]],[[[5.338113,43.361823],[5.3384,43.362006],[5.338186,43.362358],[5.338352,43.362766],[5.340073,43.362262],[5.340315,43.362549],[5.340242,43.362761],[5.341696,43.36339],[5.342219,43.3644],[5.342919,43.365444],[5.344201,43.36544],[5.344148,43.366075],[5.348986,43.36621],[5.349079,43.365407],[5.348757,43.364192],[5.348971,43.364043],[5.348962,43.363396],[5.347961,43.363361],[5.347798,43.363536],[5.347026,43.363387],[5.347597,43.362048],[5.347448,43.361081],[5.347093,43.360912],[5.349153,43.358821],[5.348966,43.357604],[5.349221,43.357525],[5.349209,43.35686],[5.35376,43.353864],[5.353485,43.353782],[5.353071,43.353883],[5.352686,43.353829],[5.353907,43.352018],[5.354147,43.350913],[5.352397,43.351213],[5.351873,43.351193],[5.348798,43.350198],[5.347897,43.349704],[5.346455,43.349265],[5.345998,43.348876],[5.345236,43.347479],[5.345221,43.346612],[5.345514,43.346082],[5.347007,43.344008],[5.348101,43.342071],[5.343403,43.339882],[5.340876,43.340009],[5.340225,43.340076],[5.33998,43.340166],[5.339178,43.340162],[5.338567,43.339523],[5.338051,43.339798],[5.337797,43.339553],[5.328478,43.34469],[5.328655,43.344906],[5.328623,43.345021],[5.328844,43.345093],[5.329023,43.345266],[5.328939,43.345315],[5.328992,43.345378],[5.329088,43.345329],[5.329334,43.345564],[5.329237,43.34562],[5.3293,43.345682],[5.329403,43.34563],[5.329646,43.345864],[5.329558,43.345923],[5.329626,43.345981],[5.32975,43.345916],[5.329487,43.345662],[5.330507,43.345107],[5.330726,43.345077],[5.33088,43.345215],[5.330878,43.345387],[5.330949,43.345434],[5.331179,43.345335],[5.330944,43.345189],[5.330834,43.344947],[5.331809,43.344493],[5.332039,43.344679],[5.332066,43.344825],[5.332152,43.344875],[5.334431,43.343787],[5.334403,43.343704],[5.334216,43.343641],[5.334067,43.343434],[5.334117,43.343389],[5.334758,43.343106],[5.334951,43.343194],[5.335013,43.343444],[5.335087,43.343474],[5.335319,43.343356],[5.335303,43.343295],[5.335068,43.343218],[5.334973,43.343068],[5.335134,43.342908],[5.335297,43.342941],[5.335385,43.342896],[5.33542,43.342757],[5.335608,43.342791],[5.335693,43.34275],[5.33565,43.342698],[5.3357,43.342605],[5.335908,43.342565],[5.336246,43.34292],[5.3383,43.34194],[5.338119,43.341715],[5.339246,43.341164],[5.340537,43.342653],[5.339481,43.343234],[5.339561,43.343305],[5.339755,43.343168],[5.340434,43.344033],[5.34033,43.344085],[5.340439,43.344217],[5.340554,43.344169],[5.341108,43.344874],[5.340933,43.344951],[5.34112,43.345131],[5.33203,43.350176],[5.33338,43.351496],[5.336569,43.353644],[5.336559,43.353777],[5.336348,43.354023],[5.336113,43.354722],[5.335948,43.354947],[5.334367,43.356281],[5.333913,43.357344],[5.333767,43.357974],[5.334302,43.358177],[5.335005,43.358563],[5.337251,43.357703],[5.337779,43.357739],[5.338136,43.357537],[5.33903,43.357773],[5.338684,43.35904],[5.338928,43.359205],[5.339053,43.359587],[5.339016,43.359791],[5.338477,43.360063],[5.338245,43.360009],[5.338097,43.360054],[5.338003,43.360246],[5.338075,43.360382],[5.337223,43.361323],[5.338101,43.361814],[5.338113,43.361823]]]]}},{"type":"Feature","properties":{"name":"SAINT-HENRI","slug":"saint-henri","arrondissement":16,"center":[5.330555,43.359891]},"geometry":{"type":"MultiPolygon","coordinates":[[[[5.323745,43.351369],[5.323707,43.35128],[5.323559,43.351295],[5.323549,43.351361],[5.32369,43.351408],[5.323745,43.351369]]],[[[5.322465,43.35212],[5.322395,43.35203],[5.322266,43.352072],[5.322303,43.352154],[5.322413,43.352166],[5.322465,43.35212]]],[[[5.312644,43.360522],[5.31266,43.359863],[5.313968,43.359685],[5.313962,43.359607],[5.312492,43.359765],[5.311357,43.360416],[5.310828,43.360521],[5.310775,43.36067],[5.311414,43.360477],[5.311967,43.360167],[5.312407,43.360294],[5.312504,43.360405],[5.312494,43.360529],[5.312594,43.360527],[5.312644,43.360522]]],[[[5.316881,43.35736],[5.318015,43.356826],[5.317549,43.35693],[5.316726,43.357309],[5.3168,43.357383],[5.316881,43.35736]]],[[[5.336569,43.353644],[5.33338,43.351496],[5.329858,43.348101],[5.329811,43.348153],[5.331432,43.349704],[5.331158,43.349862],[5.331311,43.350083],[5.329415,43.350797],[5.329628,43.351006],[5.32845,43.351515],[5.327942,43.351611],[5.327785,43.351417],[5.326781,43.351799],[5.326827,43.352065],[5.326779,43.352253],[5.325221,43.35293],[5.325134,43.353024],[5.325315,43.353071],[5.325752,43.352848],[5.325883,43.352889],[5.326597,43.352601],[5.327233,43.353399],[5.324489,43.35459],[5.323179,43.354101],[5.323159,43.354018],[5.32355,43.353631],[5.323505,43.353432],[5.323601,43.352659],[5.323783,43.352485],[5.324099,43.35238],[5.323883,43.352203],[5.324003,43.352115],[5.323581,43.351703],[5.323045,43.352022],[5.323153,43.352031],[5.323256,43.352156],[5.322942,43.352358],[5.323034,43.352419],[5.322963,43.352644],[5.322591,43.352974],[5.321842,43.352345],[5.321833,43.352208],[5.321241,43.351695],[5.321357,43.351627],[5.321086,43.351398],[5.316841,43.353999],[5.316489,43.353722],[5.316398,43.35348],[5.316079,43.35312],[5.316127,43.353069],[5.320721,43.350251],[5.321029,43.349869],[5.321087,43.349578],[5.321017,43.349446],[5.320235,43.348712],[5.320109,43.34875],[5.320168,43.348883],[5.320807,43.349535],[5.320797,43.349657],[5.320477,43.350091],[5.313941,43.3541],[5.313094,43.354641],[5.312559,43.355143],[5.312626,43.355242],[5.312833,43.355302],[5.312969,43.355212],[5.313153,43.354915],[5.313724,43.354527],[5.314197,43.354594],[5.315335,43.35512],[5.316588,43.356217],[5.317335,43.35647],[5.322426,43.354344],[5.322587,43.35434],[5.322805,43.354473],[5.32292,43.354432],[5.323142,43.354579],[5.323337,43.354585],[5.323444,43.354706],[5.323955,43.354825],[5.323515,43.355006],[5.32407,43.355693],[5.326637,43.354604],[5.326841,43.354842],[5.326701,43.355894],[5.323876,43.357124],[5.324126,43.357483],[5.323711,43.357432],[5.323875,43.357613],[5.324427,43.358869],[5.32442,43.359031],[5.325338,43.358844],[5.325899,43.358594],[5.326285,43.358332],[5.326542,43.358511],[5.326742,43.359778],[5.327131,43.360216],[5.326823,43.360372],[5.327484,43.360976],[5.326914,43.361124],[5.327158,43.36157],[5.327315,43.362881],[5.328262,43.362706],[5.328455,43.3626],[5.328527,43.362465],[5.329782,43.362735],[5.329782,43.363083],[5.332075,43.362948],[5.33199,43.363023],[5.332002,43.363448],[5.331329,43.364464],[5.330908,43.365667],[5.330389,43.366746],[5.329924,43.367047],[5.32926,43.368951],[5.329238,43.370332],[5.329304,43.371038],[5.329221,43.371572],[5.32978,43.371286],[5.330307,43.372105],[5.332251,43.371478],[5.333061,43.369928],[5.333515,43.369793],[5.333511,43.369602],[5.334036,43.369774],[5.334567,43.369786],[5.334701,43.3707],[5.335275,43.370585],[5.335465,43.370229],[5.335633,43.370144],[5.336644,43.370133],[5.337503,43.370541],[5.337824,43.371035],[5.33787,43.370944],[5.337743,43.370193],[5.337556,43.369883],[5.337729,43.369438],[5.337448,43.368789],[5.337637,43.367921],[5.338569,43.368775],[5.339026,43.369033],[5.339789,43.369218],[5.339236,43.368458],[5.339204,43.368222],[5.339477,43.367542],[5.340066,43.362688],[5.340242,43.362761],[5.340315,43.362549],[5.340073,43.362262],[5.338352,43.362766],[5.338186,43.362358],[5.338384,43.361963],[5.337223,43.361323],[5.338075,43.360382],[5.338003,43.360246],[5.338097,43.360054],[5.338245,43.360009],[5.338477,43.360063],[5.339016,43.359791],[5.339053,43.359587],[5.338928,43.359205],[5.338684,43.35904],[5.33903,43.357773],[5.338136,43.357537],[5.337779,43.357739],[5.337251,43.357703],[5.335005,43.358563],[5.334302,43.358177],[5.333767,43.357974],[5.333913,43.357344],[5.334367,43.356281],[5.335948,43.354947],[5.336113,43.354722],[5.336387,43.353937],[5.336567,43.35374],[5.336569,43.353644]]],[[[5.314156,43.357835],[5.314997,43.35743],[5.316118,43.357007],[5.316307,43.356893],[5.316321,43.356775],[5.316123,43.356793],[5.314047,43.357698],[5.313525,43.357864],[5.313259,43.358084],[5.313881,43.35796],[5.314156,43.357835]]],[[[5.312612,43.357794],[5.312949,43.357642],[5.312991,43.357509],[5.312466,43.357614],[5.3121,43.357819],[5.312072,43.358494],[5.311981,43.358572],[5.309976,43.359475],[5.308782,43.359806],[5.306873,43.360104],[5.305734,43.360151],[5.304669,43.3601],[5.302815,43.359868],[5.302042,43.359735],[5.30197,43.359644],[5.301894,43.359675],[5.301859,43.35991],[5.302141,43.360005],[5.304706,43.360328],[5.306303,43.360324],[5.307968,43.360146],[5.309898,43.359663],[5.312149,43.358664],[5.312245,43.358505],[5.312289,43.35805],[5.312459,43.357853],[5.312612,43.357794]]]]}},{"type":"Feature","properties":{"name":"BELSUNCE","slug":"belsunce","arrondissement":1,"center":[5.377013,43.29912]},"geometry":{"type":"Polygon","coordinates":[[[5.380857,43.299241],[5.381069,43.297606],[5.374424,43.295276],[5.374186,43.296262],[5.371607,43.299388],[5.373126,43.29929],[5.37318,43.299414],[5.373299,43.299472],[5.374328,43.299656],[5.374821,43.301285],[5.37497,43.301326],[5.375021,43.301413],[5.374891,43.301611],[5.376286,43.301681],[5.376242,43.302041],[5.378962,43.303279],[5.379494,43.302706],[5.379884,43.301462],[5.379989,43.301405],[5.380507,43.301397],[5.380646,43.301178],[5.380669,43.300786],[5.380836,43.300673],[5.380683,43.300575],[5.380656,43.30032],[5.380845,43.299354],[5.380857,43.299241]]]}},{"type":"Feature","properties":{"name":"NOAILLES","slug":"noailles","arrondissement":1,"center":[5.379759,43.295003]},"geometry":{"type":"Polygon","coordinates":[[[5.3816,43.295725],[5.382315,43.293479],[5.382022,43.293412],[5.381876,43.2933],[5.378829,43.292591],[5.376838,43.296092],[5.381069,43.297606],[5.381155,43.29701],[5.381492,43.296089],[5.3816,43.295725]]]}},{"type":"Feature","properties":{"name":"BELLE-DE-MAI","slug":"belle-de-mai","arrondissement":3,"center":[5.386427,43.311448]},"geometry":{"type":"Polygon","coordinates":[[[5.39269,43.311726],[5.391931,43.310234],[5.391531,43.309895],[5.390501,43.309395],[5.383888,43.305653],[5.381686,43.307829],[5.378022,43.311242],[5.379885,43.312353],[5.38157,43.312484],[5.383027,43.312926],[5.382878,43.312999],[5.383579,43.313646],[5.38437,43.314227],[5.383916,43.314812],[5.38368,43.315363],[5.383742,43.315608],[5.384061,43.316148],[5.38794,43.314957],[5.388353,43.31546],[5.389156,43.315276],[5.389338,43.315664],[5.389896,43.316037],[5.390968,43.31612],[5.392082,43.315967],[5.392707,43.316296],[5.393184,43.316409],[5.393259,43.315239],[5.393219,43.313686],[5.393098,43.313004],[5.392756,43.311874],[5.39269,43.311726]]]}},{"type":"Feature","properties":{"name":"SAINT-LAZARE","slug":"saint-lazare","arrondissement":3,"center":[5.377587,43.30628]},"geometry":{"type":"Polygon","coordinates":[[[5.379116,43.30334],[5.376242,43.302041],[5.376286,43.301681],[5.374891,43.301611],[5.374414,43.301474],[5.373995,43.301475],[5.374188,43.301742],[5.374496,43.301991],[5.37451,43.302334],[5.372302,43.306198],[5.373278,43.306493],[5.373484,43.306452],[5.374189,43.30859],[5.374139,43.30899],[5.374492,43.308927],[5.374831,43.309215],[5.375363,43.309993],[5.375815,43.310313],[5.37631,43.310544],[5.376337,43.310698],[5.376672,43.310716],[5.378022,43.311242],[5.381686,43.307829],[5.383888,43.305653],[5.38105,43.304027],[5.379216,43.303374],[5.379116,43.30334]]]}},{"type":"Feature","properties":{"name":"SAINT-MAURONT","slug":"saint-mauront","arrondissement":3,"center":[5.376496,43.316311]},"geometry":{"type":"Polygon","coordinates":[[[5.38437,43.314227],[5.383579,43.313646],[5.382878,43.312999],[5.383027,43.312926],[5.38157,43.312484],[5.379885,43.312353],[5.378022,43.311242],[5.375968,43.31266],[5.372687,43.314784],[5.37239,43.314885],[5.372022,43.314878],[5.370568,43.31453],[5.369034,43.316873],[5.369484,43.317843],[5.370024,43.319422],[5.369982,43.319575],[5.371591,43.319988],[5.371577,43.320085],[5.375544,43.321136],[5.376249,43.320942],[5.376956,43.320589],[5.378389,43.319331],[5.382241,43.316758],[5.384061,43.316148],[5.383742,43.315608],[5.38368,43.315363],[5.384039,43.314623],[5.38437,43.314227]]]}},{"type":"Feature","properties":{"name":"LA VILLETTE","slug":"la-villette","arrondissement":3,"center":[5.372596,43.31124]},"geometry":{"type":"Polygon","coordinates":[[[5.376337,43.310698],[5.37631,43.310544],[5.375815,43.310313],[5.375363,43.309993],[5.374831,43.309215],[5.374492,43.308927],[5.374139,43.30899],[5.374189,43.30859],[5.373484,43.306452],[5.373278,43.306493],[5.372302,43.306198],[5.367998,43.313763],[5.371632,43.314812],[5.372484,43.31487],[5.373133,43.31454],[5.378022,43.311242],[5.376672,43.310716],[5.376337,43.310698]]]}},{"type":"Feature","properties":{"name":"SAINT-VICTOR","slug":"saint-victor","arrondissement":7,"center":[5.368128,43.289234]},"geometry":{"type":"Polygon","coordinates":[[[5.370973,43.289234],[5.37051,43.288599],[5.370141,43.287867],[5.370015,43.286934],[5.370119,43.286354],[5.37081,43.285059],[5.370612,43.285038],[5.371124,43.284509],[5.370715,43.284414],[5.370391,43.284036],[5.36966,43.283953],[5.368966,43.284035],[5.367443,43.284061],[5.367541,43.284274],[5.36695,43.285193],[5.36662,43.285528],[5.366487,43.285923],[5.36646,43.286224],[5.366644,43.28734],[5.366291,43.287229],[5.366262,43.287483],[5.366135,43.287549],[5.36658,43.287947],[5.366673,43.288159],[5.366059,43.287653],[5.365791,43.287546],[5.365288,43.288558],[5.365418,43.288598],[5.365312,43.288754],[5.364371,43.289497],[5.364058,43.289443],[5.363435,43.291316],[5.363716,43.291462],[5.363936,43.292561],[5.364089,43.292719],[5.364005,43.292893],[5.36454,43.292896],[5.364794,43.292778],[5.36492,43.292641],[5.365056,43.292185],[5.365079,43.292078],[5.364506,43.29196],[5.364173,43.291334],[5.364239,43.291188],[5.364391,43.291149],[5.365176,43.29125],[5.365553,43.29146],[5.36557,43.291649],[5.365351,43.2921],[5.365197,43.292095],[5.365093,43.292511],[5.365969,43.292636],[5.366082,43.292518],[5.369803,43.293134],[5.37108,43.293444],[5.372142,43.290965],[5.372011,43.290828],[5.372071,43.29072],[5.371805,43.290437],[5.371624,43.290075],[5.371573,43.289568],[5.371182,43.289668],[5.370973,43.289234]]]}},{"type":"Feature","properties":{"name":"MONTREDON","slug":"montredon","arrondissement":8,"center":[5.36592,43.23077]},"geometry":{"type":"MultiPolygon","coordinates":[[[[5.348133,43.227805],[5.347748,43.227627],[5.347542,43.227815],[5.347752,43.22791],[5.348112,43.227827],[5.348133,43.227805]]],[[[5.348461,43.228312],[5.348398,43.228375],[5.348547,43.228452],[5.348489,43.228502],[5.348825,43.228494],[5.34894,43.228636],[5.349237,43.228675],[5.348998,43.228768],[5.349359,43.228838],[5.349354,43.228949],[5.349165,43.229001],[5.348848,43.228955],[5.348842,43.229026],[5.348695,43.229043],[5.348302,43.229011],[5.348044,43.229221],[5.347871,43.229254],[5.347957,43.229517],[5.347902,43.22957],[5.34817,43.22982],[5.348349,43.229822],[5.348333,43.229946],[5.348759,43.230019],[5.348711,43.230219],[5.348775,43.230339],[5.348754,43.230535],[5.349294,43.230676],[5.34926,43.230762],[5.349376,43.230807],[5.349322,43.23095],[5.349408,43.231005],[5.349329,43.23107],[5.349626,43.231221],[5.349549,43.231453],[5.350155,43.23165],[5.349895,43.231985],[5.350282,43.232075],[5.350223,43.23213],[5.350371,43.232211],[5.350786,43.23223],[5.350815,43.232324],[5.351184,43.232281],[5.35104,43.232404],[5.351173,43.232486],[5.351131,43.232529],[5.351516,43.232545],[5.351812,43.232671],[5.352531,43.23344],[5.352701,43.233402],[5.352696,43.233328],[5.352117,43.232677],[5.35335,43.232263],[5.353445,43.232359],[5.353715,43.23227],[5.353821,43.232414],[5.353142,43.232806],[5.353211,43.232888],[5.353161,43.232947],[5.352948,43.232952],[5.352899,43.233035],[5.353106,43.233104],[5.353465,43.233096],[5.353553,43.233176],[5.353829,43.233089],[5.353826,43.233183],[5.353948,43.233301],[5.354171,43.233353],[5.354562,43.233292],[5.355314,43.232972],[5.355951,43.233009],[5.356392,43.23341],[5.356441,43.233486],[5.356361,43.233605],[5.35663,43.233572],[5.356777,43.233696],[5.357062,43.233682],[5.357294,43.233845],[5.357588,43.233907],[5.357807,43.234081],[5.35779,43.234241],[5.35832,43.234484],[5.358333,43.234711],[5.358533,43.234728],[5.358753,43.234865],[5.358774,43.235221],[5.358941,43.235273],[5.359153,43.235498],[5.359575,43.235541],[5.359745,43.235953],[5.35976,43.236301],[5.359654,43.23649],[5.359458,43.236544],[5.359633,43.236557],[5.359867,43.236734],[5.36008,43.23671],[5.360231,43.236808],[5.360361,43.237046],[5.360352,43.237475],[5.360509,43.23765],[5.360752,43.237758],[5.361342,43.237821],[5.361632,43.238138],[5.36165,43.2385],[5.36151,43.23872],[5.361188,43.238991],[5.361183,43.239147],[5.361007,43.239202],[5.360954,43.239298],[5.361215,43.239456],[5.361553,43.239425],[5.361708,43.239599],[5.362095,43.239563],[5.362257,43.239669],[5.362361,43.240054],[5.362209,43.240058],[5.362058,43.240241],[5.362123,43.240342],[5.36233,43.240399],[5.362417,43.240622],[5.362183,43.240726],[5.362112,43.240876],[5.362132,43.240953],[5.362244,43.240869],[5.362372,43.240909],[5.362615,43.241131],[5.362529,43.241572],[5.362375,43.241582],[5.362627,43.242187],[5.363098,43.242133],[5.363292,43.242287],[5.363867,43.242075],[5.364274,43.242158],[5.364539,43.242338],[5.365381,43.24223],[5.365786,43.242374],[5.36671,43.242145],[5.367163,43.242176],[5.367231,43.242043],[5.367933,43.242519],[5.368819,43.241866],[5.368015,43.240874],[5.367638,43.240594],[5.368176,43.240086],[5.368815,43.240554],[5.370278,43.238939],[5.37079,43.239164],[5.371111,43.238613],[5.371617,43.238804],[5.371851,43.23841],[5.372011,43.238384],[5.371089,43.237822],[5.371033,43.237721],[5.371059,43.237517],[5.37223,43.235889],[5.373027,43.236122],[5.373802,43.234778],[5.373998,43.234234],[5.376651,43.23389],[5.376899,43.233728],[5.37758,43.232967],[5.377935,43.232753],[5.378223,43.232763],[5.378386,43.232625],[5.379828,43.232173],[5.381239,43.23194],[5.381463,43.232002],[5.380717,43.229524],[5.381568,43.229113],[5.381755,43.228937],[5.381759,43.228775],[5.381602,43.228365],[5.381679,43.228192],[5.381916,43.228032],[5.381805,43.227784],[5.381852,43.227055],[5.381538,43.226928],[5.38099,43.226324],[5.380116,43.226313],[5.379978,43.226263],[5.379828,43.225979],[5.379442,43.225891],[5.379285,43.225706],[5.379136,43.225226],[5.379252,43.225096],[5.379303,43.224888],[5.378944,43.22461],[5.378658,43.224097],[5.378432,43.223435],[5.378273,43.223425],[5.377839,43.223649],[5.377295,43.223681],[5.376896,43.223849],[5.376638,43.223842],[5.376592,43.223727],[5.375714,43.224344],[5.37483,43.224633],[5.373805,43.224542],[5.373467,43.224641],[5.37285,43.224398],[5.372931,43.224088],[5.372781,43.223734],[5.372286,43.22334],[5.372278,43.223229],[5.371541,43.222971],[5.371267,43.222832],[5.371148,43.222666],[5.3703,43.222535],[5.369819,43.222562],[5.36906,43.222692],[5.368689,43.222854],[5.368047,43.222894],[5.368088,43.222732],[5.367762,43.222553],[5.367574,43.222352],[5.366516,43.221779],[5.366413,43.221569],[5.366276,43.221504],[5.365707,43.222016],[5.365515,43.222559],[5.365253,43.222696],[5.364845,43.222662],[5.364793,43.22292],[5.364402,43.222886],[5.364173,43.223093],[5.363728,43.223274],[5.363677,43.223396],[5.362424,43.223516],[5.362128,43.223644],[5.361948,43.224089],[5.361687,43.223994],[5.361383,43.223996],[5.361043,43.224236],[5.360804,43.224221],[5.360526,43.224319],[5.360256,43.224638],[5.360217,43.22483],[5.36007,43.224873],[5.360034,43.224988],[5.359658,43.225155],[5.35918,43.225524],[5.359344,43.225718],[5.359233,43.225959],[5.359022,43.226007],[5.358492,43.225886],[5.358191,43.225954],[5.357212,43.225938],[5.356697,43.226054],[5.356654,43.226149],[5.354802,43.226472],[5.35395,43.227199],[5.352067,43.226887],[5.346916,43.225437],[5.346964,43.225478],[5.346881,43.225501],[5.346902,43.225647],[5.346712,43.225871],[5.346656,43.225985],[5.346706,43.226048],[5.346568,43.226226],[5.346829,43.226394],[5.347236,43.226312],[5.347367,43.226421],[5.347063,43.226494],[5.347061,43.226673],[5.346684,43.226642],[5.346741,43.226831],[5.346655,43.226872],[5.346675,43.226941],[5.347417,43.226893],[5.347452,43.226953],[5.348178,43.227161],[5.348279,43.227312],[5.348437,43.227308],[5.348851,43.227489],[5.348969,43.227628],[5.348887,43.227876],[5.348736,43.227891],[5.348367,43.227744],[5.348159,43.227763],[5.348079,43.22789],[5.348069,43.227964],[5.348306,43.228042],[5.348322,43.228212],[5.348425,43.228269],[5.348461,43.228312]]]]}},{"type":"Feature","properties":{"name":"SAINT-GINIEZ","slug":"saint-giniez","arrondissement":8,"center":[5.389189,43.269281]},"geometry":{"type":"Polygon","coordinates":[[[5.380184,43.265122],[5.379485,43.26559],[5.379312,43.265628],[5.379296,43.265772],[5.378888,43.266464],[5.378804,43.26687],[5.379047,43.26733],[5.37903,43.26753],[5.378934,43.267651],[5.379371,43.268604],[5.37957,43.268847],[5.379941,43.269053],[5.381488,43.269356],[5.381449,43.269551],[5.381533,43.269829],[5.381726,43.270108],[5.382122,43.270425],[5.382194,43.270701],[5.382892,43.270945],[5.382787,43.271918],[5.38274,43.27383],[5.385033,43.27394],[5.384891,43.274282],[5.389864,43.275078],[5.391041,43.272988],[5.391234,43.273025],[5.391856,43.272857],[5.395947,43.275435],[5.398931,43.273382],[5.399262,43.272995],[5.400361,43.270989],[5.400976,43.270043],[5.401163,43.26986],[5.401537,43.269686],[5.401244,43.269462],[5.401015,43.269024],[5.400012,43.268808],[5.39932,43.268374],[5.398739,43.26824],[5.397399,43.267559],[5.396956,43.267477],[5.39525,43.267768],[5.394239,43.267795],[5.393931,43.267881],[5.394026,43.267718],[5.393291,43.267492],[5.392755,43.267224],[5.392666,43.266941],[5.392835,43.266252],[5.392732,43.265978],[5.392574,43.265863],[5.391322,43.265699],[5.390549,43.265463],[5.390281,43.265288],[5.389609,43.264247],[5.389413,43.264073],[5.389137,43.26399],[5.388508,43.263967],[5.387775,43.263612],[5.387184,43.263446],[5.386535,43.263069],[5.385908,43.262972],[5.385238,43.262733],[5.384607,43.262663],[5.383781,43.262778],[5.382659,43.262621],[5.381892,43.262385],[5.381419,43.263104],[5.381458,43.263232],[5.381354,43.263499],[5.380597,43.264749],[5.380334,43.265019],[5.380184,43.265122]]]}},{"type":"Feature","properties":{"name":"SAINTE ANNE","slug":"sainte-anne","arrondissement":8,"center":[5.391917,43.257571]},"geometry":{"type":"Polygon","coordinates":[[[5.394558,43.253371],[5.394663,43.251989],[5.394823,43.251345],[5.395289,43.250737],[5.39654,43.249499],[5.396931,43.249203],[5.396824,43.249179],[5.396975,43.249089],[5.396943,43.248909],[5.397134,43.247984],[5.396926,43.247412],[5.39542,43.246393],[5.394736,43.246257],[5.394567,43.246087],[5.389522,43.249909],[5.388988,43.250132],[5.389191,43.250179],[5.389446,43.250588],[5.39119,43.251832],[5.39126,43.252061],[5.391449,43.252269],[5.3913,43.252201],[5.388476,43.253682],[5.388106,43.253943],[5.387736,43.254426],[5.387517,43.254368],[5.386032,43.255439],[5.385514,43.256052],[5.385152,43.255934],[5.384438,43.256918],[5.383465,43.258],[5.383653,43.258294],[5.383899,43.258511],[5.384586,43.258835],[5.384283,43.258863],[5.384153,43.260378],[5.384633,43.26069],[5.38425,43.261313],[5.383575,43.262756],[5.383984,43.262775],[5.384896,43.262658],[5.385238,43.262733],[5.385908,43.262972],[5.386535,43.263069],[5.387184,43.263446],[5.387775,43.263612],[5.388508,43.263967],[5.389137,43.26399],[5.389413,43.264073],[5.389609,43.264247],[5.390091,43.265041],[5.39037,43.26537],[5.391322,43.265699],[5.392465,43.265818],[5.392683,43.265937],[5.392835,43.266252],[5.392666,43.266941],[5.392755,43.267224],[5.393291,43.267492],[5.394026,43.267718],[5.399111,43.258718],[5.396948,43.258089],[5.397648,43.257012],[5.398679,43.255802],[5.399268,43.254898],[5.399355,43.254647],[5.394557,43.25338],[5.394558,43.253371]]]}},{"type":"Feature","properties":{"name":"LA PANOUSE","slug":"la-panouse","arrondissement":9,"center":[5.432166,43.255131]},"geometry":{"type":"Polygon","coordinates":[[[5.425875,43.249409],[5.424595,43.24944],[5.422905,43.249612],[5.422416,43.249775],[5.422201,43.250145],[5.421922,43.252357],[5.421728,43.252454],[5.421762,43.25258],[5.421904,43.252618],[5.42184,43.253157],[5.420319,43.254796],[5.420126,43.255144],[5.420319,43.255238],[5.420227,43.255549],[5.420796,43.25572],[5.420986,43.255871],[5.421456,43.255942],[5.422602,43.255651],[5.422839,43.255721],[5.422989,43.256207],[5.422862,43.256351],[5.422194,43.256634],[5.422124,43.257658],[5.423332,43.258435],[5.423675,43.258526],[5.424226,43.258054],[5.42749,43.258712],[5.428221,43.259053],[5.429274,43.260074],[5.429432,43.260473],[5.429188,43.26132],[5.430708,43.260499],[5.431429,43.260409],[5.431951,43.260565],[5.432841,43.26053],[5.433514,43.260058],[5.434114,43.259999],[5.434558,43.259727],[5.435995,43.259677],[5.436602,43.259515],[5.437861,43.258706],[5.438562,43.25846],[5.439908,43.258557],[5.441059,43.258434],[5.442214,43.257977],[5.444108,43.257042],[5.444632,43.256936],[5.445326,43.257051],[5.44543,43.257139],[5.445485,43.257347],[5.445674,43.257467],[5.445831,43.25743],[5.445867,43.257504],[5.446028,43.257508],[5.446283,43.257662],[5.446708,43.257785],[5.448616,43.258026],[5.448037,43.257622],[5.445946,43.255895],[5.445807,43.255436],[5.445417,43.255031],[5.444401,43.254361],[5.442562,43.253444],[5.441702,43.252879],[5.441241,43.252775],[5.440204,43.252767],[5.439158,43.25262],[5.438999,43.252287],[5.438768,43.252252],[5.438558,43.252543],[5.437699,43.252722],[5.436972,43.252482],[5.436212,43.25233],[5.435127,43.251254],[5.434768,43.251085],[5.432592,43.25067],[5.432224,43.2505],[5.432071,43.250519],[5.431591,43.250808],[5.430631,43.250933],[5.429153,43.250953],[5.428419,43.250614],[5.427449,43.249662],[5.426919,43.249656],[5.426804,43.24955],[5.426232,43.249419],[5.425875,43.249409]]]}},{"type":"Feature","properties":{"name":"LE REDON","slug":"le-redon","arrondissement":9,"center":[5.443789,43.23086]},"geometry":{"type":"MultiPolygon","coordinates":[[[[5.457134,43.210251],[5.457183,43.210177],[5.456913,43.210136],[5.456702,43.210315],[5.455993,43.21066],[5.455972,43.21074],[5.456256,43.210732],[5.45709,43.210299],[5.457134,43.210251]]],[[[5.458151,43.211347],[5.458181,43.211291],[5.458103,43.211323],[5.458151,43.211347]]],[[[5.455125,43.211624],[5.455032,43.211569],[5.454962,43.211612],[5.454932,43.211769],[5.455169,43.21172],[5.45515,43.211659],[5.455125,43.211624]]],[[[5.443439,43.246666],[5.445806,43.246147],[5.445873,43.245982],[5.44627,43.245527],[5.446306,43.245016],[5.4461,43.244753],[5.445529,43.244341],[5.445381,43.244147],[5.445271,43.243279],[5.445506,43.243046],[5.446506,43.242765],[5.446878,43.242448],[5.447255,43.242345],[5.447756,43.242427],[5.448359,43.242669],[5.448674,43.24261],[5.448937,43.242387],[5.44926,43.242257],[5.450419,43.24249],[5.452239,43.242601],[5.452969,43.242562],[5.453117,43.242433],[5.453174,43.242244],[5.45288,43.241327],[5.451817,43.240345],[5.451627,43.240009],[5.451684,43.239843],[5.452035,43.239761],[5.453049,43.240194],[5.453845,43.240335],[5.454827,43.240264],[5.455958,43.239861],[5.456321,43.239856],[5.456777,43.238624],[5.45724,43.237669],[5.457284,43.237021],[5.457031,43.236209],[5.456463,43.234936],[5.456552,43.234799],[5.45635,43.233995],[5.456917,43.233922],[5.457013,43.233667],[5.457324,43.233399],[5.457382,43.233227],[5.457195,43.232924],[5.457189,43.2328],[5.457275,43.232511],[5.457584,43.232072],[5.458387,43.23194],[5.458788,43.231964],[5.459326,43.231806],[5.459973,43.231813],[5.460044,43.23175],[5.459956,43.231649],[5.459092,43.231274],[5.459181,43.231191],[5.459861,43.231232],[5.459178,43.230743],[5.458438,43.231023],[5.458098,43.230891],[5.457672,43.230536],[5.45827,43.230732],[5.458627,43.230679],[5.458194,43.230552],[5.457153,43.229789],[5.460838,43.226691],[5.462119,43.226149],[5.463115,43.224992],[5.463785,43.22396],[5.465263,43.223378],[5.466883,43.22299],[5.467011,43.221926],[5.468068,43.221595],[5.469652,43.221226],[5.470013,43.220453],[5.470341,43.219213],[5.470337,43.217676],[5.470076,43.216412],[5.46965,43.215404],[5.46977,43.215348],[5.468303,43.214437],[5.467616,43.213607],[5.467466,43.21325],[5.467443,43.212999],[5.46623,43.213072],[5.46555,43.213007],[5.464877,43.212798],[5.46315,43.212405],[5.462408,43.212314],[5.461959,43.212171],[5.461661,43.211819],[5.461369,43.211303],[5.461346,43.211051],[5.460121,43.210333],[5.460037,43.21033],[5.460056,43.210482],[5.459997,43.210539],[5.459266,43.210924],[5.458781,43.211312],[5.458708,43.211442],[5.45788,43.211508],[5.457003,43.211404],[5.456779,43.211171],[5.45691,43.211056],[5.4567,43.211054],[5.456672,43.210703],[5.456299,43.211074],[5.456111,43.21112],[5.456035,43.211039],[5.455439,43.211252],[5.455305,43.211438],[5.455331,43.211627],[5.455624,43.211631],[5.45563,43.21172],[5.455087,43.211775],[5.454343,43.212076],[5.454277,43.211933],[5.454411,43.211648],[5.454663,43.211555],[5.454708,43.211413],[5.45465,43.211312],[5.454372,43.211212],[5.45418,43.211261],[5.454344,43.210654],[5.454459,43.210516],[5.454409,43.210445],[5.454567,43.210281],[5.454555,43.210085],[5.454364,43.209715],[5.454372,43.209547],[5.454149,43.209555],[5.454144,43.209357],[5.453966,43.20934],[5.453803,43.209873],[5.453203,43.210517],[5.45181,43.211601],[5.447769,43.214376],[5.446793,43.214698],[5.445676,43.215601],[5.445271,43.216011],[5.445094,43.216371],[5.445173,43.216663],[5.446276,43.21713],[5.446578,43.217356],[5.447206,43.218801],[5.446888,43.218765],[5.446252,43.218886],[5.445747,43.219167],[5.445673,43.219281],[5.444932,43.219196],[5.444351,43.219326],[5.443669,43.219758],[5.442557,43.22032],[5.440884,43.220501],[5.439937,43.220675],[5.438685,43.22106],[5.437385,43.221019],[5.436442,43.221074],[5.436465,43.221203],[5.436673,43.221382],[5.43737,43.221596],[5.437594,43.221795],[5.437646,43.222017],[5.437145,43.222499],[5.436487,43.222985],[5.436309,43.223464],[5.43591,43.223953],[5.435676,43.224038],[5.435352,43.224011],[5.434585,43.223688],[5.434352,43.223882],[5.43415,43.22394],[5.434244,43.224382],[5.434005,43.224757],[5.433062,43.22528],[5.432896,43.22541],[5.432762,43.22565],[5.432424,43.225716],[5.432285,43.225671],[5.432116,43.225385],[5.431231,43.224941],[5.43107,43.224639],[5.43103,43.223972],[5.430883,43.223727],[5.430808,43.22372],[5.430528,43.223927],[5.430372,43.224175],[5.42946,43.224441],[5.429468,43.224532],[5.429732,43.224792],[5.429754,43.225099],[5.429629,43.225296],[5.429181,43.225532],[5.429408,43.225833],[5.429408,43.225971],[5.429247,43.22616],[5.42881,43.226443],[5.428692,43.226741],[5.428592,43.226816],[5.42787,43.226931],[5.427461,43.226701],[5.427331,43.226958],[5.427013,43.227023],[5.426003,43.22686],[5.425886,43.226894],[5.425891,43.227042],[5.426034,43.227173],[5.427341,43.227918],[5.427899,43.228348],[5.427875,43.228506],[5.427649,43.228684],[5.427603,43.228831],[5.427777,43.22933],[5.427448,43.229852],[5.427105,43.230179],[5.426875,43.229959],[5.426357,43.229188],[5.425706,43.228849],[5.425356,43.228802],[5.425335,43.22894],[5.425798,43.229597],[5.425713,43.22995],[5.425402,43.230319],[5.424952,43.230285],[5.424725,43.230095],[5.424575,43.230066],[5.424456,43.230122],[5.424358,43.230389],[5.424208,43.230512],[5.423515,43.230694],[5.423539,43.230815],[5.424041,43.23107],[5.424025,43.231202],[5.423822,43.231489],[5.423972,43.232228],[5.423737,43.23274],[5.423758,43.23358],[5.423136,43.234681],[5.423037,43.235071],[5.423185,43.23545],[5.423525,43.235908],[5.423534,43.236402],[5.423758,43.237028],[5.424536,43.238401],[5.424215,43.239207],[5.424147,43.239872],[5.423899,43.239893],[5.423704,43.240617],[5.423423,43.241065],[5.422465,43.241699],[5.421412,43.241541],[5.42068,43.241826],[5.419685,43.242409],[5.418452,43.242522],[5.417441,43.242408],[5.414294,43.243237],[5.414251,43.243165],[5.413731,43.24343],[5.412542,43.243729],[5.412782,43.243885],[5.413173,43.24385],[5.413429,43.244101],[5.413471,43.244601],[5.413896,43.245153],[5.414329,43.245235],[5.41472,43.24519],[5.414957,43.245002],[5.415345,43.245057],[5.414665,43.24548],[5.414566,43.245617],[5.417781,43.24594],[5.419581,43.245996],[5.420263,43.246869],[5.420249,43.247432],[5.420342,43.247587],[5.422075,43.24808],[5.422204,43.24855],[5.422099,43.2486],[5.422409,43.249227],[5.422115,43.249355],[5.422178,43.249555],[5.422131,43.249732],[5.422334,43.249827],[5.422905,43.249612],[5.424595,43.24944],[5.426232,43.249419],[5.426804,43.24955],[5.426919,43.249656],[5.427449,43.249662],[5.428419,43.250614],[5.429153,43.250953],[5.429373,43.250986],[5.430631,43.250933],[5.431591,43.250808],[5.432071,43.250519],[5.432224,43.2505],[5.431855,43.250201],[5.431609,43.250216],[5.430669,43.248654],[5.431896,43.246516],[5.431402,43.246349],[5.431333,43.246198],[5.434006,43.246443],[5.434688,43.246354],[5.436051,43.246324],[5.435999,43.246522],[5.4364,43.247275],[5.437386,43.247881],[5.437831,43.247958],[5.438657,43.247846],[5.43987,43.247183],[5.440777,43.247029],[5.441907,43.246941],[5.442234,43.246789],[5.443439,43.246666]]]]}},{"type":"Feature","properties":{"name":"LA CAPELETTE","slug":"la-capelette","arrondissement":10,"center":[5.405994,43.280047]},"geometry":{"type":"Polygon","coordinates":[[[5.412843,43.283329],[5.413299,43.283414],[5.414502,43.283475],[5.414799,43.283291],[5.415211,43.282887],[5.41451,43.282297],[5.414115,43.281644],[5.414653,43.281508],[5.41452,43.281266],[5.414299,43.281118],[5.414386,43.280984],[5.414509,43.280964],[5.414367,43.280288],[5.414555,43.279775],[5.414846,43.279323],[5.416408,43.279925],[5.416726,43.279896],[5.416919,43.279754],[5.414892,43.278792],[5.414359,43.278607],[5.412094,43.277316],[5.411584,43.276865],[5.411532,43.276475],[5.411385,43.276204],[5.410369,43.275596],[5.408983,43.275133],[5.408137,43.274686],[5.408054,43.274875],[5.407398,43.274825],[5.407202,43.274465],[5.406689,43.274218],[5.405862,43.27422],[5.405433,43.274419],[5.405231,43.274624],[5.404448,43.274869],[5.404122,43.274806],[5.403897,43.275501],[5.399832,43.274624],[5.399132,43.277218],[5.399106,43.277565],[5.398992,43.277672],[5.399071,43.278367],[5.399232,43.278613],[5.399453,43.281065],[5.399404,43.281329],[5.399605,43.283043],[5.399388,43.282933],[5.398786,43.282915],[5.398693,43.283244],[5.398319,43.283109],[5.39836,43.28342],[5.398492,43.283413],[5.398498,43.283569],[5.39866,43.283662],[5.398684,43.28537],[5.402807,43.28576],[5.403933,43.285999],[5.404102,43.285947],[5.404132,43.285862],[5.405306,43.285495],[5.40599,43.285123],[5.407453,43.284486],[5.408813,43.282845],[5.409988,43.283092],[5.410973,43.2831],[5.41262,43.283287],[5.412843,43.283329]]]}},{"type":"Feature","properties":{"name":"MENPENTI","slug":"menpenti","arrondissement":10,"center":[5.395873,43.282167]},"geometry":{"type":"Polygon","coordinates":[[[5.399299,43.279319],[5.399232,43.278613],[5.399071,43.278367],[5.399016,43.277602],[5.388739,43.283149],[5.390827,43.283],[5.392358,43.282807],[5.39274,43.283116],[5.391943,43.284533],[5.391946,43.284756],[5.392543,43.284731],[5.394425,43.284893],[5.395033,43.284808],[5.395088,43.284917],[5.396332,43.285032],[5.396199,43.285697],[5.398678,43.285968],[5.39866,43.283662],[5.398498,43.283569],[5.398492,43.283413],[5.39836,43.28342],[5.398319,43.283109],[5.398693,43.283244],[5.398786,43.282915],[5.399388,43.282933],[5.399605,43.283043],[5.399404,43.281329],[5.399453,43.281065],[5.399308,43.279402],[5.399299,43.279319]]]}},{"type":"Feature","properties":{"name":"LES ACCATES","slug":"les-accates","arrondissement":11,"center":[5.495182,43.304816]},"geometry":{"type":"Polygon","coordinates":[[[5.501451,43.300798],[5.501569,43.300125],[5.501413,43.299643],[5.499691,43.298771],[5.497535,43.297781],[5.496817,43.297533],[5.496867,43.29722],[5.49727,43.296677],[5.497284,43.295537],[5.497085,43.295155],[5.497303,43.294884],[5.497584,43.294299],[5.497623,43.294183],[5.497568,43.294043],[5.496823,43.29389],[5.495779,43.293253],[5.49539,43.293176],[5.494268,43.293405],[5.490554,43.29472],[5.491406,43.295218],[5.491581,43.295449],[5.491099,43.296507],[5.490854,43.296866],[5.490086,43.297761],[5.489859,43.297826],[5.488522,43.297777],[5.487956,43.29817],[5.487629,43.298181],[5.487601,43.298368],[5.487667,43.298612],[5.488499,43.299574],[5.489189,43.299771],[5.490394,43.300425],[5.491001,43.301265],[5.490287,43.304626],[5.490547,43.305876],[5.490659,43.306016],[5.490762,43.306065],[5.49089,43.306013],[5.491086,43.305743],[5.491404,43.305753],[5.491116,43.305896],[5.491273,43.306054],[5.491459,43.306947],[5.491045,43.307677],[5.491116,43.307709],[5.491262,43.307607],[5.491345,43.307667],[5.491354,43.308349],[5.4916,43.308546],[5.491771,43.308855],[5.49194,43.30998],[5.49134,43.310262],[5.491327,43.310435],[5.491101,43.310748],[5.48995,43.312913],[5.488797,43.313668],[5.488685,43.314483],[5.488698,43.314733],[5.488859,43.315147],[5.488814,43.31524],[5.489819,43.315174],[5.490526,43.315204],[5.490982,43.315115],[5.491612,43.315163],[5.4921,43.315105],[5.492552,43.315181],[5.492739,43.31506],[5.494104,43.315508],[5.494881,43.31511],[5.495335,43.314994],[5.495684,43.315056],[5.496106,43.315279],[5.497467,43.315437],[5.497512,43.31539],[5.499655,43.312565],[5.499714,43.31232],[5.499717,43.311],[5.500414,43.309549],[5.50072,43.308622],[5.501145,43.307856],[5.50137,43.306593],[5.500785,43.303698],[5.500866,43.303052],[5.501308,43.301368],[5.501451,43.300798]]]}},{"type":"Feature","properties":{"name":"SAINT-MENET","slug":"saint-menet","arrondissement":11,"center":[5.502767,43.290373]},"geometry":{"type":"Polygon","coordinates":[[[5.512376,43.287189],[5.512223,43.286881],[5.511931,43.286914],[5.511571,43.284767],[5.511423,43.28406],[5.511372,43.284062],[5.511087,43.282217],[5.510613,43.282376],[5.508507,43.282499],[5.508135,43.282587],[5.50778,43.282853],[5.507613,43.282747],[5.507314,43.28297],[5.506696,43.28314],[5.504886,43.283146],[5.502444,43.283558],[5.499384,43.283499],[5.499312,43.28542],[5.499242,43.285764],[5.496268,43.285023],[5.494874,43.28476],[5.493107,43.284613],[5.491234,43.28465],[5.487337,43.285007],[5.486195,43.28521],[5.485102,43.285549],[5.482752,43.28659],[5.481184,43.286966],[5.481418,43.287428],[5.481791,43.287529],[5.481924,43.287869],[5.481899,43.288017],[5.482597,43.2898],[5.482435,43.289825],[5.482462,43.289981],[5.482775,43.290424],[5.482885,43.290967],[5.483596,43.292052],[5.483849,43.292272],[5.484005,43.292743],[5.484827,43.293291],[5.484897,43.293439],[5.484871,43.293653],[5.486308,43.292927],[5.486929,43.292531],[5.487261,43.292735],[5.487677,43.292754],[5.488048,43.293016],[5.488157,43.293228],[5.488345,43.293336],[5.488686,43.293473],[5.489231,43.293565],[5.489371,43.293693],[5.48926,43.293896],[5.48935,43.294033],[5.490554,43.29472],[5.494268,43.293405],[5.49539,43.293176],[5.495779,43.293253],[5.496823,43.29389],[5.498025,43.294136],[5.498723,43.294373],[5.498765,43.294602],[5.498205,43.295226],[5.500961,43.295995],[5.50095,43.296113],[5.500768,43.296352],[5.501305,43.296431],[5.501701,43.296608],[5.502137,43.296489],[5.502823,43.29708],[5.503368,43.297342],[5.505175,43.297598],[5.505687,43.295699],[5.506731,43.296225],[5.507341,43.296449],[5.508225,43.296634],[5.511522,43.297099],[5.512438,43.298445],[5.512702,43.298313],[5.513378,43.298172],[5.513562,43.298556],[5.514192,43.298424],[5.514823,43.298115],[5.514961,43.297779],[5.515457,43.297632],[5.516623,43.297706],[5.519597,43.297649],[5.519931,43.297723],[5.519737,43.297004],[5.519923,43.296504],[5.519816,43.296217],[5.520164,43.295821],[5.520507,43.295568],[5.520561,43.295297],[5.520648,43.295215],[5.520633,43.294837],[5.520906,43.29433],[5.521038,43.293798],[5.520878,43.293631],[5.52188,43.292319],[5.521266,43.291732],[5.521004,43.291334],[5.521169,43.289866],[5.519956,43.289147],[5.51852,43.289153],[5.518521,43.288558],[5.518398,43.287949],[5.518006,43.287995],[5.51769,43.288118],[5.517095,43.287977],[5.516502,43.288088],[5.516169,43.288044],[5.51514,43.288146],[5.514597,43.288339],[5.514496,43.28858],[5.514059,43.288711],[5.512932,43.288878],[5.512636,43.28771],[5.512407,43.287233],[5.512376,43.287189]]]}},{"type":"Feature","properties":{"name":"LE CHAPITRE","slug":"le-chapitre","arrondissement":1,"center":[5.384185,43.300545]},"geometry":{"type":"Polygon","coordinates":[[[5.385253,43.299062],[5.381069,43.297606],[5.380656,43.30032],[5.380683,43.300575],[5.380836,43.300673],[5.380669,43.300786],[5.380646,43.301178],[5.380543,43.301371],[5.380217,43.301411],[5.381673,43.30161],[5.381685,43.30192],[5.383415,43.302195],[5.385961,43.30347],[5.388755,43.300209],[5.385514,43.299111],[5.385253,43.299062]]]}},{"type":"Feature","properties":{"name":"LA BLANCARDE","slug":"la-blancarde","arrondissement":4,"center":[5.405459,43.302567]},"geometry":{"type":"Polygon","coordinates":[[[5.400753,43.2976],[5.400817,43.298832],[5.400738,43.299888],[5.400942,43.299747],[5.400708,43.301704],[5.400605,43.301777],[5.400535,43.301989],[5.40061,43.302819],[5.400886,43.304342],[5.400794,43.306157],[5.400859,43.306613],[5.401812,43.306279],[5.401998,43.306562],[5.402723,43.30602],[5.403172,43.305557],[5.40346,43.30588],[5.405372,43.308991],[5.405555,43.309109],[5.405669,43.309358],[5.405858,43.309504],[5.407217,43.30964],[5.408265,43.309559],[5.408603,43.30969],[5.411023,43.309266],[5.410963,43.308417],[5.410749,43.307976],[5.410736,43.307647],[5.410899,43.306808],[5.411294,43.306031],[5.411259,43.305828],[5.410876,43.30514],[5.410394,43.304717],[5.409555,43.304164],[5.409716,43.304097],[5.409643,43.303889],[5.409528,43.303812],[5.407751,43.301066],[5.407157,43.301188],[5.406895,43.300956],[5.406447,43.299571],[5.406576,43.29935],[5.406654,43.298732],[5.406831,43.298607],[5.407278,43.298503],[5.407734,43.298476],[5.408198,43.298593],[5.40814,43.298977],[5.408341,43.299272],[5.409771,43.299299],[5.409952,43.298656],[5.409711,43.298617],[5.40974,43.298424],[5.408999,43.298291],[5.408933,43.297736],[5.409047,43.297313],[5.408565,43.297261],[5.408993,43.296342],[5.409186,43.296223],[5.409383,43.296207],[5.40932,43.295998],[5.409097,43.295986],[5.408749,43.295649],[5.407809,43.295967],[5.407299,43.295741],[5.407291,43.295597],[5.406741,43.295508],[5.406208,43.296235],[5.405619,43.296098],[5.400314,43.295804],[5.400217,43.2966],[5.400358,43.296946],[5.400819,43.297509],[5.400753,43.2976]]]}},{"type":"Feature","properties":{"name":"LES CHARTREUX","slug":"les-chartreux","arrondissement":4,"center":[5.404126,43.311216]},"geometry":{"type":"Polygon","coordinates":[[[5.408766,43.309883],[5.408567,43.30965],[5.408378,43.309569],[5.407061,43.309637],[5.406049,43.309557],[5.405723,43.309417],[5.405555,43.309109],[5.405372,43.308991],[5.40346,43.30588],[5.403172,43.305557],[5.402723,43.30602],[5.401998,43.306562],[5.401812,43.306279],[5.400859,43.306613],[5.401146,43.306995],[5.397448,43.30811],[5.396937,43.30849],[5.398076,43.309479],[5.399887,43.310473],[5.400388,43.310889],[5.400775,43.310969],[5.401328,43.312268],[5.402278,43.313301],[5.403214,43.314521],[5.403577,43.315095],[5.404108,43.316371],[5.404821,43.316964],[5.406708,43.315977],[5.407204,43.316102],[5.407401,43.316025],[5.407302,43.31567],[5.407368,43.315064],[5.407277,43.314629],[5.407391,43.314525],[5.408439,43.315117],[5.409349,43.314945],[5.409428,43.315167],[5.409559,43.315077],[5.409923,43.315091],[5.410532,43.314982],[5.410369,43.314938],[5.410112,43.314258],[5.410224,43.314165],[5.40992,43.31386],[5.409582,43.313302],[5.408705,43.313504],[5.408345,43.312842],[5.408105,43.312222],[5.407972,43.312148],[5.407758,43.311834],[5.407701,43.311584],[5.4081,43.311291],[5.408257,43.311629],[5.409687,43.311255],[5.408878,43.310031],[5.408766,43.309883]]]}},{"type":"Feature","properties":{"name":"CINQ-AVENUES","slug":"cinq-avenues","arrondissement":4,"center":[5.396624,43.302613]},"geometry":{"type":"Polygon","coordinates":[[[5.400753,43.2976],[5.400819,43.297509],[5.400339,43.297519],[5.40033,43.297618],[5.400094,43.29762],[5.3999,43.297757],[5.398472,43.297977],[5.398436,43.298156],[5.397308,43.298293],[5.39621,43.298685],[5.396195,43.298768],[5.395475,43.298894],[5.395433,43.29942],[5.391983,43.298988],[5.39118,43.298802],[5.389052,43.298902],[5.389079,43.300309],[5.394446,43.302043],[5.393054,43.303632],[5.393145,43.303678],[5.393151,43.304217],[5.393439,43.305947],[5.394698,43.306653],[5.395474,43.307183],[5.395696,43.307366],[5.396278,43.308104],[5.396937,43.30849],[5.397448,43.30811],[5.401146,43.306995],[5.400893,43.306677],[5.400808,43.306419],[5.400886,43.304342],[5.40061,43.302819],[5.400535,43.301989],[5.400605,43.301777],[5.400708,43.301704],[5.400942,43.299747],[5.400738,43.299888],[5.400817,43.298832],[5.400773,43.297668],[5.400753,43.2976]]]}},{"type":"Feature","properties":{"name":"LES CAMOINS","slug":"les-camoins","arrondissement":11,"center":[5.512294,43.305391]},"geometry":{"type":"Polygon","coordinates":[[[5.499291,43.298589],[5.501413,43.299643],[5.501569,43.300125],[5.500866,43.303052],[5.500785,43.303698],[5.50137,43.306593],[5.501145,43.307856],[5.50072,43.308622],[5.500414,43.309549],[5.500186,43.309959],[5.500174,43.310039],[5.500267,43.310099],[5.500454,43.310111],[5.500867,43.309832],[5.501431,43.309658],[5.503862,43.309338],[5.5054,43.309589],[5.507031,43.309461],[5.507693,43.30952],[5.508656,43.30945],[5.508684,43.309647],[5.508816,43.309681],[5.508861,43.309782],[5.508824,43.310228],[5.50894,43.310251],[5.509,43.310425],[5.509332,43.310608],[5.509812,43.310722],[5.5102,43.310967],[5.510495,43.311322],[5.511026,43.312583],[5.511178,43.312744],[5.511501,43.312791],[5.51175,43.312613],[5.511874,43.312081],[5.512027,43.311872],[5.512211,43.311804],[5.51225,43.311683],[5.513105,43.311814],[5.513956,43.312249],[5.514293,43.312236],[5.514473,43.312133],[5.514944,43.31139],[5.515176,43.311258],[5.515777,43.311461],[5.516652,43.310977],[5.517351,43.310376],[5.51895,43.310993],[5.518866,43.311062],[5.518875,43.311898],[5.519101,43.312284],[5.517881,43.31267],[5.517582,43.313358],[5.517237,43.313848],[5.517039,43.313846],[5.516764,43.313611],[5.516624,43.313605],[5.516597,43.313843],[5.516704,43.314191],[5.521315,43.316959],[5.521188,43.31633],[5.521797,43.315209],[5.523023,43.314205],[5.524377,43.313779],[5.524492,43.314034],[5.525377,43.313873],[5.526247,43.31403],[5.526314,43.3139],[5.526596,43.313815],[5.527737,43.313657],[5.528071,43.314006],[5.529608,43.314273],[5.530331,43.31406],[5.53073,43.313679],[5.53047,43.313596],[5.52864,43.312605],[5.52813,43.312045],[5.527571,43.311694],[5.527483,43.311485],[5.527206,43.31124],[5.527013,43.310895],[5.526505,43.310331],[5.525625,43.309815],[5.525182,43.309351],[5.524517,43.308323],[5.524525,43.307777],[5.523905,43.307516],[5.523744,43.307254],[5.523611,43.30718],[5.523122,43.307005],[5.522562,43.307037],[5.522358,43.306876],[5.522061,43.30654],[5.521639,43.305851],[5.521644,43.305742],[5.521922,43.305605],[5.521958,43.30548],[5.520384,43.303249],[5.51992,43.303377],[5.519205,43.303712],[5.518485,43.304216],[5.517812,43.303149],[5.517994,43.303012],[5.517834,43.302541],[5.518175,43.302348],[5.517526,43.301604],[5.517411,43.301644],[5.517047,43.301069],[5.516891,43.300957],[5.516798,43.300617],[5.517255,43.300361],[5.517283,43.300217],[5.518314,43.300435],[5.517961,43.299325],[5.517195,43.299423],[5.517124,43.29887],[5.516929,43.298685],[5.517059,43.297701],[5.515457,43.297632],[5.514961,43.297779],[5.514823,43.298115],[5.514192,43.298424],[5.513562,43.298556],[5.513378,43.298172],[5.512702,43.298313],[5.512438,43.298445],[5.511522,43.297099],[5.508225,43.296634],[5.507341,43.296449],[5.506731,43.296225],[5.505687,43.295699],[5.505175,43.297598],[5.503368,43.297342],[5.502823,43.29708],[5.502137,43.296489],[5.501701,43.296608],[5.501305,43.296431],[5.500768,43.296352],[5.50095,43.296113],[5.500961,43.295995],[5.498205,43.295226],[5.498765,43.294602],[5.498757,43.294425],[5.498432,43.294263],[5.497568,43.294043],[5.497623,43.294183],[5.497584,43.294299],[5.497303,43.294884],[5.497085,43.295155],[5.497284,43.295537],[5.49727,43.296677],[5.496867,43.29722],[5.496817,43.297533],[5.497535,43.297781],[5.499095,43.2985],[5.499291,43.298589]]]}},{"type":"Feature","properties":{"name":"LA VALENTINE","slug":"la-valentine","arrondissement":11,"center":[5.482031,43.30208]},"geometry":{"type":"Polygon","coordinates":[[[5.484676,43.293171],[5.483979,43.292711],[5.483849,43.292272],[5.483596,43.292052],[5.482885,43.290967],[5.482775,43.290424],[5.482462,43.289981],[5.482435,43.289825],[5.482597,43.2898],[5.481899,43.288017],[5.481924,43.287869],[5.481788,43.287526],[5.480966,43.287296],[5.480545,43.287277],[5.480415,43.28723],[5.480323,43.287053],[5.479414,43.287063],[5.476585,43.286848],[5.474816,43.287008],[5.470896,43.287669],[5.470937,43.287834],[5.471376,43.28834],[5.471831,43.288724],[5.472251,43.28937],[5.472494,43.28959],[5.47297,43.289813],[5.473203,43.290187],[5.473415,43.290355],[5.473543,43.290702],[5.473193,43.290832],[5.473224,43.290974],[5.473032,43.291232],[5.473221,43.291989],[5.47355,43.292368],[5.473977,43.293648],[5.474142,43.293807],[5.474449,43.293898],[5.474482,43.293973],[5.475368,43.294045],[5.475465,43.294366],[5.475688,43.294578],[5.475547,43.29533],[5.475302,43.295994],[5.475302,43.296198],[5.475424,43.296443],[5.476181,43.296876],[5.476343,43.297253],[5.478029,43.298605],[5.477873,43.298797],[5.477631,43.298932],[5.476986,43.299847],[5.476694,43.300146],[5.476964,43.300358],[5.477063,43.300564],[5.476898,43.30174],[5.475742,43.302351],[5.475362,43.302908],[5.474229,43.304045],[5.473875,43.304488],[5.475621,43.305049],[5.475878,43.305202],[5.476219,43.306127],[5.476106,43.30674],[5.4758,43.307468],[5.47547,43.307956],[5.475525,43.308079],[5.475663,43.308093],[5.475902,43.307999],[5.475977,43.307898],[5.476395,43.307766],[5.476842,43.308219],[5.476759,43.308518],[5.476595,43.308696],[5.476678,43.30913],[5.476545,43.30928],[5.476504,43.309454],[5.475403,43.310513],[5.475028,43.310315],[5.474537,43.3108],[5.474275,43.310922],[5.473305,43.311904],[5.472578,43.312076],[5.472111,43.312055],[5.472142,43.312458],[5.471532,43.313473],[5.471571,43.313629],[5.471325,43.314058],[5.471388,43.314167],[5.471177,43.314565],[5.472206,43.314597],[5.473169,43.314866],[5.473624,43.314906],[5.47438,43.314855],[5.476146,43.314545],[5.477342,43.31455],[5.478476,43.314427],[5.479455,43.314451],[5.479624,43.314378],[5.479745,43.314138],[5.480833,43.313712],[5.481692,43.313687],[5.482403,43.313848],[5.483457,43.31477],[5.484544,43.315035],[5.486211,43.31515],[5.486865,43.315367],[5.487443,43.315442],[5.488116,43.315401],[5.488857,43.315204],[5.48869,43.31465],[5.488707,43.314008],[5.488797,43.313668],[5.48995,43.312913],[5.491101,43.310748],[5.491327,43.310435],[5.49134,43.310262],[5.49192,43.310019],[5.491933,43.309863],[5.491771,43.308855],[5.4916,43.308546],[5.491354,43.308349],[5.491345,43.307667],[5.491262,43.307607],[5.491116,43.307709],[5.491045,43.307677],[5.491459,43.306947],[5.491273,43.306054],[5.491116,43.305896],[5.491404,43.305753],[5.491086,43.305743],[5.49089,43.306013],[5.490762,43.306065],[5.490659,43.306016],[5.490547,43.305876],[5.490287,43.304626],[5.491001,43.301265],[5.490394,43.300425],[5.489189,43.299771],[5.488499,43.299574],[5.487667,43.298612],[5.487601,43.298368],[5.487629,43.298181],[5.487956,43.29817],[5.488522,43.297777],[5.489859,43.297826],[5.490086,43.297761],[5.490971,43.296711],[5.491581,43.295449],[5.491406,43.295218],[5.48935,43.294033],[5.48926,43.293944],[5.489377,43.293746],[5.489335,43.293637],[5.489147,43.293527],[5.488686,43.293473],[5.488217,43.293276],[5.488048,43.293016],[5.487677,43.292754],[5.487261,43.292735],[5.486929,43.292531],[5.486308,43.292927],[5.484871,43.293653],[5.48489,43.293401],[5.484737,43.293208],[5.484676,43.293171]]]}},{"type":"Feature","properties":{"name":"LA FOURRAGERE","slug":"la-fourragere","arrondissement":12,"center":[5.430907,43.303299]},"geometry":{"type":"Polygon","coordinates":[[[5.437633,43.303424],[5.437848,43.303292],[5.437794,43.302432],[5.436822,43.300308],[5.43662,43.298897],[5.436406,43.298515],[5.4353,43.297617],[5.434488,43.297293],[5.434109,43.29731],[5.433352,43.297555],[5.433305,43.297778],[5.43299,43.297971],[5.432616,43.297995],[5.432574,43.297786],[5.432342,43.297804],[5.431005,43.297478],[5.431017,43.297423],[5.430617,43.297217],[5.429488,43.298295],[5.42971,43.298491],[5.42975,43.2989],[5.429816,43.298978],[5.42884,43.299048],[5.427197,43.299452],[5.426549,43.299409],[5.425784,43.299466],[5.425363,43.29932],[5.424853,43.299401],[5.424786,43.299303],[5.424573,43.299318],[5.424505,43.299116],[5.424233,43.299142],[5.424405,43.29929],[5.424244,43.299728],[5.424569,43.299855],[5.424664,43.30061],[5.424037,43.302374],[5.423793,43.302641],[5.423554,43.303126],[5.423416,43.304113],[5.422899,43.304061],[5.422729,43.305107],[5.423013,43.307073],[5.424119,43.30734],[5.42539,43.30753],[5.426358,43.307798],[5.427655,43.307877],[5.42883,43.307762],[5.43064,43.307971],[5.434091,43.308012],[5.436479,43.308395],[5.438321,43.306559],[5.438286,43.306162],[5.437639,43.303518],[5.437633,43.303424]]]}},{"type":"Feature","properties":{"name":"MONTOLIVET","slug":"montolivet","arrondissement":12,"center":[5.424743,43.316811]},"geometry":{"type":"Polygon","coordinates":[[[5.434425,43.31553],[5.432642,43.314399],[5.430327,43.312332],[5.429561,43.311896],[5.428372,43.311441],[5.428242,43.311517],[5.428072,43.312124],[5.427748,43.313808],[5.425423,43.313669],[5.42536,43.313611],[5.425337,43.313031],[5.424802,43.313473],[5.424317,43.313521],[5.423068,43.312783],[5.422355,43.312492],[5.421978,43.312398],[5.420679,43.31239],[5.420684,43.311859],[5.416134,43.3123],[5.416152,43.311433],[5.416054,43.309799],[5.414048,43.309821],[5.413885,43.308951],[5.411081,43.309253],[5.408603,43.30969],[5.409202,43.310475],[5.409687,43.311255],[5.408257,43.311629],[5.4081,43.311291],[5.407701,43.311584],[5.407758,43.311834],[5.407972,43.312148],[5.408105,43.312222],[5.408345,43.312842],[5.408705,43.313504],[5.409582,43.313302],[5.40992,43.31386],[5.410224,43.314165],[5.410112,43.314258],[5.410369,43.314938],[5.410532,43.314982],[5.411499,43.314839],[5.412551,43.31543],[5.412744,43.315744],[5.413372,43.315863],[5.413794,43.316085],[5.414839,43.316437],[5.414487,43.316866],[5.414678,43.317059],[5.414638,43.31725],[5.414231,43.317308],[5.413745,43.317495],[5.413525,43.317721],[5.413411,43.318129],[5.4139,43.318176],[5.414231,43.318463],[5.414923,43.318631],[5.415294,43.317929],[5.415546,43.31822],[5.415676,43.318118],[5.4158,43.318133],[5.416521,43.318471],[5.417442,43.31867],[5.417502,43.318848],[5.417885,43.319116],[5.418149,43.319675],[5.418098,43.319835],[5.417768,43.31983],[5.418048,43.32065],[5.418188,43.320627],[5.418944,43.320929],[5.419172,43.320904],[5.41965,43.320549],[5.420339,43.319878],[5.420943,43.319839],[5.421081,43.320122],[5.421777,43.320704],[5.421769,43.321255],[5.422073,43.321172],[5.422371,43.320993],[5.423978,43.320722],[5.424302,43.321773],[5.424883,43.322317],[5.425512,43.32267],[5.426028,43.322813],[5.426563,43.323079],[5.426981,43.322918],[5.426911,43.322724],[5.427128,43.322188],[5.427246,43.322094],[5.4272,43.322003],[5.429157,43.321661],[5.429955,43.322762],[5.430388,43.322636],[5.430615,43.322783],[5.430567,43.323019],[5.430636,43.323471],[5.430755,43.32365],[5.430911,43.323733],[5.433357,43.323484],[5.433508,43.323335],[5.433832,43.323314],[5.434041,43.323073],[5.434131,43.322836],[5.434671,43.32267],[5.435221,43.322881],[5.436067,43.323729],[5.436964,43.324381],[5.437741,43.323197],[5.438645,43.321207],[5.439107,43.320466],[5.440061,43.320761],[5.441224,43.320942],[5.441348,43.320749],[5.441383,43.320503],[5.441302,43.319983],[5.441039,43.319078],[5.44074,43.319033],[5.440378,43.319163],[5.440166,43.319109],[5.439739,43.3188],[5.439538,43.318545],[5.439394,43.318509],[5.439223,43.318226],[5.438522,43.317531],[5.437472,43.316948],[5.436569,43.316861],[5.434487,43.315573],[5.434425,43.31553]]]}},{"type":"Feature","properties":{"name":"LES MEDECINS","slug":"les-medecins","arrondissement":13,"center":[5.454292,43.363531]},"geometry":{"type":"Polygon","coordinates":[[[5.448472,43.372181],[5.448673,43.372551],[5.448721,43.372835],[5.448335,43.374116],[5.448453,43.375332],[5.448385,43.37592],[5.448669,43.376468],[5.44936,43.376978],[5.451649,43.381103],[5.45497,43.37667],[5.456505,43.374459],[5.456915,43.374011],[5.457107,43.373612],[5.457787,43.372644],[5.458536,43.371843],[5.459347,43.370656],[5.459927,43.369252],[5.459279,43.369215],[5.459815,43.368725],[5.460224,43.368037],[5.460884,43.367592],[5.461092,43.367371],[5.461414,43.366142],[5.461307,43.365069],[5.461347,43.364913],[5.461548,43.364819],[5.462075,43.364949],[5.462508,43.364715],[5.46256,43.364443],[5.462251,43.364156],[5.462254,43.363952],[5.462524,43.363621],[5.462471,43.363401],[5.46262,43.363142],[5.462974,43.363061],[5.463535,43.362444],[5.463679,43.361388],[5.463546,43.360921],[5.464681,43.360121],[5.463221,43.35845],[5.461971,43.356715],[5.461776,43.356271],[5.4605,43.355542],[5.459564,43.354855],[5.458591,43.353737],[5.458151,43.353965],[5.457979,43.353787],[5.458076,43.353725],[5.457926,43.353563],[5.458295,43.353316],[5.457934,43.352931],[5.457415,43.352567],[5.456585,43.35179],[5.456235,43.351231],[5.455898,43.350428],[5.455517,43.34993],[5.455053,43.349426],[5.454224,43.348738],[5.453787,43.348123],[5.452799,43.347123],[5.451645,43.347244],[5.451272,43.347489],[5.451289,43.34837],[5.450836,43.349318],[5.450886,43.349655],[5.451266,43.350743],[5.451279,43.351235],[5.451511,43.351582],[5.451478,43.35178],[5.450575,43.352369],[5.45009,43.352444],[5.449641,43.352357],[5.449293,43.35293],[5.449115,43.353603],[5.448816,43.35417],[5.448575,43.355559],[5.448048,43.356199],[5.448241,43.357028],[5.44821,43.357377],[5.448563,43.358543],[5.44857,43.359128],[5.448407,43.359899],[5.448098,43.360753],[5.447633,43.361548],[5.447296,43.363014],[5.447012,43.363637],[5.447081,43.364327],[5.447006,43.365203],[5.446888,43.365336],[5.446437,43.365491],[5.446361,43.365601],[5.446379,43.365788],[5.446632,43.366073],[5.446764,43.366513],[5.447059,43.366924],[5.447172,43.367259],[5.447712,43.367675],[5.4469,43.368131],[5.447046,43.368276],[5.44699,43.368426],[5.447052,43.368625],[5.446996,43.369364],[5.448657,43.369751],[5.448423,43.370072],[5.448428,43.370382],[5.448239,43.370849],[5.448316,43.371758],[5.448408,43.372046],[5.448472,43.372181]]]}},{"type":"Feature","properties":{"name":"PALAMA","slug":"palama","arrondissement":13,"center":[5.439438,43.374316]},"geometry":{"type":"Polygon","coordinates":[[[5.438209,43.353534],[5.437781,43.353589],[5.436802,43.353922],[5.435764,43.354643],[5.435225,43.355306],[5.434978,43.35535],[5.43469,43.35528],[5.434639,43.355389],[5.434312,43.35645],[5.434286,43.356968],[5.434354,43.357576],[5.43427,43.357877],[5.4347,43.358755],[5.435272,43.359508],[5.43552,43.360292],[5.435566,43.361295],[5.433958,43.362525],[5.433701,43.362408],[5.433253,43.363104],[5.433116,43.363737],[5.430624,43.368967],[5.430612,43.369273],[5.43107,43.369892],[5.431091,43.370249],[5.4312,43.370485],[5.43176,43.370822],[5.432639,43.371027],[5.432671,43.371116],[5.432445,43.371447],[5.43195,43.371903],[5.43154,43.372828],[5.431362,43.372859],[5.430575,43.373381],[5.430556,43.37347],[5.42979,43.373992],[5.42947,43.374579],[5.429368,43.374601],[5.429061,43.374888],[5.428769,43.375323],[5.428676,43.375873],[5.428479,43.376458],[5.428525,43.376745],[5.428141,43.378967],[5.426051,43.383388],[5.426346,43.383504],[5.426434,43.383739],[5.426587,43.383827],[5.428219,43.384259],[5.428111,43.384505],[5.428345,43.384648],[5.428889,43.384784],[5.428896,43.384986],[5.428808,43.385074],[5.429715,43.385023],[5.430518,43.38514],[5.432722,43.386831],[5.433084,43.386864],[5.433513,43.387021],[5.433673,43.386879],[5.434303,43.386942],[5.434984,43.3872],[5.4354,43.387167],[5.435834,43.387312],[5.435899,43.387576],[5.43621,43.387944],[5.43683,43.388256],[5.437169,43.388519],[5.437516,43.388952],[5.437641,43.389454],[5.437991,43.389732],[5.438194,43.390271],[5.438704,43.390906],[5.440237,43.391057],[5.440598,43.39092],[5.440966,43.390287],[5.441736,43.389873],[5.445573,43.388429],[5.446272,43.387631],[5.447195,43.386956],[5.447508,43.386987],[5.447685,43.386843],[5.448048,43.38629],[5.448893,43.385815],[5.449867,43.384466],[5.450037,43.384091],[5.450088,43.383437],[5.45039,43.383031],[5.450853,43.382158],[5.451649,43.381103],[5.44936,43.376978],[5.448669,43.376468],[5.448385,43.37592],[5.448453,43.375332],[5.448335,43.374116],[5.448721,43.372835],[5.448673,43.372551],[5.448316,43.371758],[5.448239,43.370849],[5.448428,43.370382],[5.448423,43.370072],[5.448657,43.369751],[5.446996,43.369364],[5.447052,43.368625],[5.44699,43.368426],[5.447046,43.368276],[5.4469,43.368131],[5.447712,43.367675],[5.447172,43.367259],[5.447059,43.366924],[5.446764,43.366513],[5.446632,43.366073],[5.446366,43.365729],[5.446437,43.365491],[5.446888,43.365336],[5.447006,43.365203],[5.447081,43.364327],[5.447012,43.363637],[5.447296,43.363014],[5.447633,43.361548],[5.448098,43.360753],[5.448407,43.359899],[5.44857,43.359128],[5.445504,43.359587],[5.445457,43.359447],[5.442589,43.360105],[5.441823,43.359357],[5.440418,43.357478],[5.439849,43.356459],[5.439202,43.3546],[5.438937,43.354213],[5.438311,43.353771],[5.438217,43.353559],[5.438209,43.353534]]]}},{"type":"Feature","properties":{"name":"SAINT-JEROME","slug":"saint-jerome","arrondissement":13,"center":[5.415972,43.334528]},"geometry":{"type":"Polygon","coordinates":[[[5.411614,43.330671],[5.410356,43.330662],[5.408154,43.330778],[5.4061,43.331117],[5.407271,43.333339],[5.407602,43.334154],[5.407617,43.334537],[5.407493,43.335094],[5.407963,43.335204],[5.408447,43.335141],[5.408558,43.335264],[5.408636,43.335404],[5.408716,43.336343],[5.408883,43.336717],[5.411142,43.339237],[5.411071,43.340659],[5.410893,43.340971],[5.410915,43.341128],[5.412363,43.340496],[5.41324,43.339855],[5.414028,43.339679],[5.416223,43.340466],[5.415739,43.340989],[5.416083,43.341045],[5.416782,43.3408],[5.417623,43.3409],[5.418094,43.340828],[5.418327,43.340481],[5.418429,43.340601],[5.418539,43.340474],[5.418706,43.340418],[5.41946,43.340926],[5.419953,43.340625],[5.420117,43.339884],[5.420234,43.339746],[5.420411,43.339714],[5.420235,43.339583],[5.42037,43.339235],[5.420575,43.339166],[5.420714,43.339242],[5.420571,43.33869],[5.420874,43.337474],[5.422913,43.337769],[5.423072,43.337389],[5.423945,43.338149],[5.424312,43.337931],[5.42479,43.337798],[5.424718,43.33755],[5.424762,43.337399],[5.425445,43.337151],[5.425333,43.336897],[5.425615,43.33656],[5.424327,43.335801],[5.424004,43.33538],[5.424484,43.334692],[5.422823,43.334117],[5.422757,43.333516],[5.422441,43.333055],[5.42234,43.332966],[5.42196,43.332919],[5.422167,43.331935],[5.421955,43.331629],[5.422481,43.33106],[5.422436,43.33072],[5.422607,43.329682],[5.422297,43.329213],[5.4214,43.328558],[5.420942,43.328385],[5.420239,43.328354],[5.419099,43.327938],[5.418699,43.327959],[5.418603,43.327897],[5.418631,43.327789],[5.418564,43.327652],[5.418336,43.327639],[5.418169,43.327741],[5.418194,43.327925],[5.416818,43.328876],[5.415607,43.3291],[5.414213,43.329684],[5.413997,43.329664],[5.413836,43.32947],[5.413747,43.329744],[5.413904,43.329816],[5.412564,43.330434],[5.411772,43.330657],[5.411614,43.330671]]]}},{"type":"Feature","properties":{"name":"SAINT-JUST","slug":"saint-just","arrondissement":13,"center":[5.405266,43.320481]},"geometry":{"type":"Polygon","coordinates":[[[5.410532,43.314982],[5.409923,43.315091],[5.409559,43.315077],[5.409428,43.315167],[5.409349,43.314945],[5.408439,43.315117],[5.407391,43.314525],[5.407277,43.314629],[5.407368,43.315064],[5.407302,43.31567],[5.407401,43.316025],[5.407204,43.316102],[5.406708,43.315977],[5.404821,43.316964],[5.404108,43.316371],[5.403433,43.314854],[5.399851,43.316367],[5.398989,43.316584],[5.399178,43.316941],[5.399092,43.316966],[5.397688,43.316997],[5.39364,43.316464],[5.393563,43.318479],[5.394297,43.318368],[5.394681,43.31842],[5.395537,43.318738],[5.39605,43.319554],[5.395784,43.320302],[5.39603,43.320613],[5.396095,43.320834],[5.396696,43.320662],[5.397104,43.320794],[5.397403,43.32099],[5.397927,43.321801],[5.398292,43.321771],[5.398486,43.322138],[5.398073,43.322209],[5.398445,43.323055],[5.400629,43.322658],[5.400723,43.322905],[5.40014,43.323149],[5.40069,43.324922],[5.400695,43.325434],[5.401876,43.325071],[5.402853,43.32452],[5.402985,43.32491],[5.402232,43.325454],[5.401966,43.325729],[5.401898,43.326003],[5.401112,43.326764],[5.401037,43.327023],[5.401143,43.327245],[5.402424,43.327688],[5.402676,43.327848],[5.403111,43.32838],[5.403401,43.32891],[5.403683,43.329119],[5.403957,43.328734],[5.404079,43.32842],[5.404296,43.328355],[5.404276,43.328225],[5.404433,43.327973],[5.405128,43.327877],[5.405367,43.327926],[5.405489,43.327741],[5.406038,43.327669],[5.406047,43.327071],[5.407523,43.32709],[5.407652,43.326991],[5.407655,43.326686],[5.40826,43.326731],[5.408473,43.326665],[5.409283,43.326768],[5.409401,43.326222],[5.409611,43.325873],[5.409853,43.324768],[5.40988,43.324108],[5.409782,43.32351],[5.409199,43.321903],[5.409162,43.321176],[5.40921,43.320958],[5.41008,43.320765],[5.410578,43.321259],[5.411205,43.32158],[5.411472,43.321277],[5.411733,43.32138],[5.41235,43.32083],[5.413109,43.320837],[5.413469,43.321125],[5.414965,43.319846],[5.415361,43.319837],[5.415955,43.319938],[5.4163,43.319636],[5.41646,43.319932],[5.416649,43.319972],[5.416993,43.31994],[5.417437,43.319775],[5.417733,43.319844],[5.418149,43.319814],[5.418019,43.319319],[5.417885,43.319116],[5.417502,43.318848],[5.417442,43.31867],[5.416521,43.318471],[5.4158,43.318133],[5.415676,43.318118],[5.415546,43.31822],[5.415294,43.317929],[5.414923,43.318631],[5.414231,43.318463],[5.4139,43.318176],[5.413411,43.318129],[5.413525,43.317721],[5.413745,43.317495],[5.414231,43.317308],[5.414638,43.31725],[5.414678,43.317059],[5.414487,43.316866],[5.414839,43.316437],[5.413794,43.316085],[5.413372,43.315863],[5.412744,43.315744],[5.412551,43.31543],[5.411499,43.314839],[5.410838,43.31492],[5.410532,43.314982]]]}},{"type":"Feature","properties":{"name":"LE CANET","slug":"le-canet","arrondissement":14,"center":[5.37635,43.326099]},"geometry":{"type":"Polygon","coordinates":[[[5.377711,43.319885],[5.376771,43.320706],[5.376094,43.320998],[5.375544,43.321136],[5.371577,43.320085],[5.37142,43.321525],[5.371489,43.321882],[5.371448,43.322045],[5.371017,43.322752],[5.370112,43.32398],[5.36889,43.326065],[5.36886,43.326435],[5.368962,43.326971],[5.368378,43.328065],[5.368081,43.328361],[5.367804,43.328888],[5.367647,43.329764],[5.370013,43.330257],[5.374561,43.331385],[5.376335,43.331445],[5.377023,43.33141],[5.376677,43.330814],[5.379158,43.330227],[5.379744,43.329984],[5.380283,43.331195],[5.381419,43.33092],[5.38276,43.330183],[5.382872,43.33037],[5.384186,43.330018],[5.384331,43.329579],[5.385448,43.329012],[5.384151,43.326758],[5.382828,43.324915],[5.382666,43.324853],[5.38258,43.324622],[5.382065,43.324015],[5.38043,43.321327],[5.380388,43.321104],[5.380528,43.320742],[5.380528,43.32046],[5.380452,43.320022],[5.380318,43.319772],[5.379075,43.318867],[5.377763,43.319839],[5.377711,43.319885]]]}},{"type":"Feature","properties":{"name":"SAINT-BARTHELEMY","slug":"saint-barthelemy","arrondissement":14,"center":[5.39539,43.326903]},"geometry":{"type":"Polygon","coordinates":[[[5.398102,43.322321],[5.398073,43.322209],[5.398486,43.322138],[5.398292,43.321771],[5.397927,43.321801],[5.397335,43.320933],[5.396696,43.320662],[5.396095,43.320834],[5.39603,43.320613],[5.395784,43.320302],[5.39605,43.319554],[5.395537,43.318738],[5.394681,43.31842],[5.394297,43.318368],[5.393563,43.318479],[5.39364,43.316464],[5.392923,43.316372],[5.392082,43.315967],[5.390968,43.31612],[5.389896,43.316037],[5.389338,43.315664],[5.389156,43.315276],[5.388353,43.31546],[5.389954,43.317514],[5.390296,43.318123],[5.390307,43.318491],[5.390234,43.319051],[5.389975,43.319671],[5.39006,43.320918],[5.389428,43.321685],[5.389364,43.321876],[5.389436,43.322496],[5.389298,43.323322],[5.388597,43.324131],[5.387713,43.326744],[5.387664,43.327202],[5.387846,43.328916],[5.38813,43.329442],[5.388445,43.329627],[5.388143,43.329686],[5.387883,43.329872],[5.387811,43.330179],[5.387881,43.330442],[5.38802,43.330608],[5.388386,43.330731],[5.388666,43.330703],[5.38893,43.33056],[5.388901,43.330815],[5.38933,43.331454],[5.391575,43.331758],[5.392685,43.331998],[5.39323,43.331678],[5.393742,43.331765],[5.394596,43.333444],[5.394964,43.33377],[5.395521,43.33459],[5.396361,43.334478],[5.396409,43.335655],[5.39658,43.336017],[5.397416,43.336154],[5.39876,43.335769],[5.398678,43.335874],[5.398751,43.335936],[5.399629,43.336],[5.400323,43.33559],[5.40068,43.335143],[5.400656,43.334936],[5.403508,43.333024],[5.40387,43.332684],[5.404165,43.332152],[5.404118,43.331121],[5.404332,43.330893],[5.404838,43.330714],[5.404213,43.330296],[5.403605,43.329599],[5.403354,43.329542],[5.403683,43.329119],[5.403401,43.32891],[5.403111,43.32838],[5.402676,43.327848],[5.402424,43.327688],[5.401195,43.327268],[5.401071,43.327141],[5.401037,43.326967],[5.401112,43.326764],[5.401898,43.326003],[5.401966,43.325729],[5.402232,43.325454],[5.402985,43.32491],[5.402853,43.32452],[5.401876,43.325071],[5.400695,43.325434],[5.40069,43.324922],[5.40014,43.323149],[5.400723,43.322905],[5.400629,43.322658],[5.398445,43.323055],[5.398141,43.322379],[5.398102,43.322321]]]}},{"type":"Feature","properties":{"name":"SAINT-JOSEPH","slug":"saint-joseph","arrondissement":14,"center":[5.385389,43.352804]},"geometry":{"type":"Polygon","coordinates":[[[5.386112,43.3427],[5.386496,43.341922],[5.386692,43.340744],[5.386912,43.340368],[5.386798,43.340229],[5.385468,43.340378],[5.384625,43.340601],[5.383777,43.340995],[5.382947,43.340803],[5.383029,43.340472],[5.382453,43.340264],[5.38224,43.340382],[5.38133,43.340216],[5.381233,43.339995],[5.381293,43.339923],[5.381196,43.339886],[5.381124,43.339657],[5.381126,43.339247],[5.381356,43.33916],[5.381875,43.339148],[5.382018,43.339003],[5.382001,43.338833],[5.381798,43.338705],[5.381271,43.338708],[5.380858,43.338551],[5.379477,43.337525],[5.378796,43.336839],[5.375569,43.339017],[5.375703,43.339395],[5.375353,43.340673],[5.375655,43.341476],[5.377343,43.341006],[5.377594,43.341545],[5.377871,43.342429],[5.378275,43.344517],[5.378301,43.346274],[5.378265,43.346659],[5.378076,43.347045],[5.377142,43.347616],[5.375461,43.348804],[5.375235,43.349177],[5.377816,43.350399],[5.379308,43.351338],[5.378652,43.351647],[5.376372,43.351978],[5.376588,43.352808],[5.376714,43.353784],[5.375944,43.353897],[5.376071,43.354432],[5.377845,43.355128],[5.37834,43.356329],[5.380018,43.358448],[5.380691,43.359059],[5.382042,43.359987],[5.383032,43.360873],[5.383853,43.361206],[5.38434,43.361484],[5.385557,43.362313],[5.386112,43.362786],[5.386318,43.363157],[5.386403,43.363766],[5.388142,43.366681],[5.389958,43.366942],[5.391727,43.367072],[5.392013,43.366978],[5.392431,43.366622],[5.392785,43.366552],[5.394473,43.366572],[5.394923,43.366635],[5.395328,43.366785],[5.395746,43.365768],[5.395811,43.365425],[5.397377,43.362301],[5.396555,43.362254],[5.394263,43.361789],[5.393656,43.360995],[5.39374,43.360164],[5.394263,43.359452],[5.394402,43.359128],[5.393381,43.357395],[5.391213,43.355048],[5.390751,43.354384],[5.390912,43.353893],[5.391453,43.353675],[5.391095,43.353272],[5.391129,43.352344],[5.390934,43.352249],[5.390954,43.349919],[5.391014,43.349841],[5.391314,43.349796],[5.391402,43.348936],[5.391857,43.348464],[5.391927,43.348067],[5.391806,43.34703],[5.392034,43.346336],[5.391391,43.345865],[5.390879,43.344485],[5.389813,43.345017],[5.388372,43.344812],[5.388091,43.344704],[5.387372,43.344784],[5.387313,43.344912],[5.387336,43.345214],[5.386972,43.344662],[5.386414,43.34431],[5.386208,43.343917],[5.386007,43.343815],[5.385638,43.343797],[5.385299,43.343543],[5.385964,43.342921],[5.386112,43.3427]]]}},{"type":"Feature","properties":{"name":"LES BORELS","slug":"les-borels","arrondissement":15,"center":[5.368567,43.365816]},"geometry":{"type":"Polygon","coordinates":[[[5.368982,43.370639],[5.370302,43.371589],[5.371519,43.372007],[5.372467,43.371845],[5.373304,43.371867],[5.373471,43.371718],[5.374297,43.371578],[5.3751,43.371261],[5.375797,43.370912],[5.376251,43.370578],[5.376781,43.370452],[5.377216,43.370496],[5.377673,43.370372],[5.377976,43.370224],[5.377544,43.367367],[5.377498,43.367267],[5.375861,43.367517],[5.375776,43.366723],[5.37485,43.365036],[5.373197,43.364822],[5.372947,43.364311],[5.372304,43.364439],[5.370016,43.364657],[5.369792,43.361235],[5.369406,43.360157],[5.368654,43.360221],[5.368067,43.360532],[5.367481,43.36058],[5.366936,43.360377],[5.366506,43.35984],[5.366315,43.359751],[5.366023,43.359734],[5.365592,43.359946],[5.365525,43.359894],[5.365609,43.359741],[5.365321,43.358859],[5.365411,43.358665],[5.365967,43.358136],[5.365618,43.358214],[5.365321,43.358597],[5.364612,43.358765],[5.364522,43.358616],[5.363166,43.358877],[5.363084,43.358782],[5.362448,43.358891],[5.360982,43.363144],[5.360737,43.364454],[5.360744,43.365706],[5.361205,43.366084],[5.361735,43.366276],[5.36299,43.366978],[5.363086,43.367554],[5.363514,43.367753],[5.36435,43.367958],[5.364898,43.368243],[5.36575,43.369259],[5.367806,43.369854],[5.368913,43.370597],[5.368982,43.370639]]]}},{"type":"Feature","properties":{"name":"LA CABUCELLE","slug":"la-cabucelle","arrondissement":15,"center":[5.361538,43.333849]},"geometry":{"type":"Polygon","coordinates":[[[5.363708,43.32875],[5.359949,43.327789],[5.359142,43.328794],[5.359059,43.329102],[5.358992,43.330148],[5.359093,43.330463],[5.358019,43.330476],[5.35733,43.330916],[5.356814,43.331068],[5.355674,43.331955],[5.35542,43.332769],[5.355472,43.33347],[5.354764,43.333589],[5.354855,43.333944],[5.354586,43.33537],[5.354373,43.335776],[5.354,43.336087],[5.353947,43.336237],[5.354094,43.336421],[5.354161,43.336352],[5.354296,43.336433],[5.35449,43.336286],[5.353854,43.336842],[5.353968,43.336912],[5.353749,43.337285],[5.354183,43.337438],[5.354713,43.337225],[5.354881,43.337426],[5.354967,43.337951],[5.355908,43.33834],[5.356105,43.338268],[5.356798,43.339233],[5.357151,43.339152],[5.358079,43.336948],[5.361682,43.337186],[5.36274,43.337398],[5.362339,43.338479],[5.36391,43.338965],[5.36429,43.338853],[5.365716,43.339455],[5.365932,43.339689],[5.366237,43.339339],[5.367409,43.336915],[5.367541,43.335387],[5.367919,43.334353],[5.368039,43.333307],[5.367782,43.33257],[5.366479,43.331169],[5.366385,43.330981],[5.366411,43.330719],[5.366892,43.329971],[5.367027,43.329589],[5.364266,43.328886],[5.363708,43.32875]]]}},{"type":"Feature","properties":{"name":"LA CALADE","slug":"la-calade","arrondissement":15,"center":[5.349732,43.342835]},"geometry":{"type":"Polygon","coordinates":[[[5.35449,43.336286],[5.354296,43.336433],[5.354161,43.336352],[5.354094,43.336421],[5.353947,43.336237],[5.354,43.336087],[5.353339,43.336459],[5.352173,43.336546],[5.351081,43.335954],[5.350509,43.336051],[5.345672,43.33632],[5.345683,43.33642],[5.343413,43.339131],[5.338238,43.339392],[5.337797,43.339553],[5.338051,43.339798],[5.338567,43.339523],[5.339178,43.340162],[5.33998,43.340166],[5.340225,43.340076],[5.340876,43.340009],[5.343403,43.339882],[5.348101,43.342071],[5.347007,43.344008],[5.345333,43.346375],[5.345221,43.346612],[5.345236,43.347479],[5.345998,43.348876],[5.346455,43.349265],[5.347897,43.349704],[5.348929,43.350247],[5.351873,43.351193],[5.352228,43.351229],[5.351621,43.348931],[5.352885,43.348945],[5.354604,43.349073],[5.356055,43.348203],[5.356233,43.348217],[5.355758,43.347632],[5.354818,43.346192],[5.354516,43.344893],[5.354242,43.344319],[5.352565,43.342201],[5.352008,43.341669],[5.351861,43.341419],[5.351944,43.341151],[5.353019,43.340835],[5.353706,43.340275],[5.354683,43.339747],[5.355408,43.339478],[5.356798,43.339233],[5.356105,43.338268],[5.355908,43.33834],[5.354967,43.337951],[5.354881,43.337426],[5.354713,43.337225],[5.354183,43.337438],[5.353749,43.337285],[5.353968,43.336912],[5.353854,43.336842],[5.354301,43.336471],[5.35449,43.336286]]]}},{"type":"Feature","properties":{"name":"SAINT-LOUIS","slug":"saint-louis","arrondissement":15,"center":[5.359199,43.345712]},"geometry":{"type":"Polygon","coordinates":[[[5.356798,43.339233],[5.355408,43.339478],[5.354683,43.339747],[5.353706,43.340275],[5.353054,43.340816],[5.352013,43.341112],[5.351872,43.341292],[5.351861,43.341419],[5.352008,43.341669],[5.352565,43.342201],[5.35441,43.344582],[5.354818,43.346192],[5.355758,43.347632],[5.356233,43.348217],[5.356055,43.348203],[5.354604,43.349073],[5.352885,43.348945],[5.351621,43.348931],[5.352228,43.351229],[5.354147,43.350913],[5.353907,43.352018],[5.352686,43.353829],[5.353071,43.353883],[5.353485,43.353782],[5.35376,43.353864],[5.353475,43.354055],[5.354429,43.354382],[5.355465,43.354433],[5.355645,43.354142],[5.355982,43.353936],[5.356387,43.35377],[5.356766,43.35376],[5.357294,43.353543],[5.357439,43.353312],[5.357819,43.353374],[5.35806,43.353273],[5.358758,43.352623],[5.360262,43.352213],[5.360308,43.352226],[5.360207,43.352448],[5.360114,43.353933],[5.360197,43.354271],[5.360296,43.354206],[5.360315,43.354078],[5.361028,43.35394],[5.361152,43.354022],[5.361401,43.354252],[5.361451,43.354429],[5.361467,43.35598],[5.362742,43.356401],[5.362858,43.355773],[5.362756,43.355483],[5.362737,43.355124],[5.362835,43.354337],[5.363055,43.354125],[5.363315,43.354072],[5.363365,43.353954],[5.363153,43.352883],[5.362939,43.352302],[5.363088,43.351538],[5.362992,43.350944],[5.362746,43.350288],[5.362807,43.349921],[5.363106,43.349412],[5.36318,43.348983],[5.36314,43.34886],[5.362529,43.348397],[5.362451,43.348223],[5.363547,43.347332],[5.364619,43.346576],[5.365407,43.346325],[5.366125,43.346319],[5.366169,43.345446],[5.365184,43.341405],[5.365625,43.340079],[5.365932,43.339689],[5.365716,43.339455],[5.36429,43.338853],[5.36391,43.338965],[5.362339,43.338479],[5.36274,43.337398],[5.361541,43.337169],[5.358079,43.336948],[5.357151,43.339152],[5.356798,43.339233]]]}},{"type":"Feature","properties":{"name":"LA VISTE","slug":"la-viste","arrondissement":15,"center":[5.355323,43.360947]},"geometry":{"type":"Polygon","coordinates":[[[5.357709,43.353373],[5.357439,43.353312],[5.357294,43.353543],[5.356766,43.35376],[5.356387,43.35377],[5.355835,43.354004],[5.355515,43.354272],[5.355465,43.354433],[5.354429,43.354382],[5.353475,43.354055],[5.349209,43.35686],[5.349221,43.357525],[5.348966,43.357604],[5.349153,43.358821],[5.347093,43.360912],[5.347448,43.361081],[5.347597,43.362048],[5.347026,43.363387],[5.347798,43.363536],[5.347961,43.363361],[5.348962,43.363396],[5.348971,43.364043],[5.348757,43.364192],[5.349079,43.365407],[5.34893,43.366313],[5.349054,43.366595],[5.349057,43.367014],[5.348755,43.368483],[5.348776,43.368647],[5.349108,43.369107],[5.349996,43.368914],[5.350789,43.36908],[5.350816,43.368753],[5.350652,43.368565],[5.350194,43.368391],[5.350036,43.368082],[5.350329,43.367875],[5.353055,43.368172],[5.35273,43.367614],[5.352964,43.367493],[5.354447,43.367632],[5.356531,43.368146],[5.356879,43.365627],[5.358144,43.367278],[5.35842,43.367442],[5.359105,43.367599],[5.360502,43.367879],[5.360958,43.367735],[5.361291,43.367814],[5.36221,43.367274],[5.362721,43.366835],[5.361735,43.366276],[5.361205,43.366084],[5.360744,43.365706],[5.360737,43.364454],[5.360982,43.363144],[5.363259,43.356561],[5.361467,43.35598],[5.361451,43.354429],[5.361401,43.354252],[5.361152,43.354022],[5.361028,43.35394],[5.360315,43.354078],[5.360296,43.354206],[5.360197,43.354271],[5.360114,43.353933],[5.360159,43.352922],[5.360207,43.352448],[5.360308,43.352226],[5.360093,43.352217],[5.358758,43.352623],[5.35806,43.353273],[5.357766,43.353374],[5.357709,43.353373]]]}},{"type":"Feature","properties":{"name":"OPERA","slug":"opera","arrondissement":1,"center":[5.374999,43.293358]},"geometry":{"type":"Polygon","coordinates":[[[5.377288,43.292216],[5.372142,43.290965],[5.37108,43.293444],[5.373724,43.294123],[5.374,43.294346],[5.373751,43.295035],[5.376838,43.296092],[5.378829,43.292591],[5.377288,43.292216]]]}},{"type":"Feature","properties":{"name":"SAINT-CHARLES","slug":"saint-charles","arrondissement":1,"center":[5.388027,43.304413]},"geometry":{"type":"Polygon","coordinates":[[[5.380217,43.301411],[5.379884,43.301462],[5.379494,43.302706],[5.378962,43.303279],[5.38105,43.304027],[5.390501,43.309395],[5.391792,43.308781],[5.391883,43.308418],[5.392654,43.306912],[5.393439,43.305947],[5.393151,43.304217],[5.393145,43.303678],[5.393054,43.303632],[5.394446,43.302043],[5.388755,43.300209],[5.385961,43.30347],[5.383415,43.302195],[5.381685,43.30192],[5.381673,43.30161],[5.380554,43.301455],[5.380217,43.301411]]]}},{"type":"Feature","properties":{"name":"HOTEL DE VILLE","slug":"hotel-de-ville","arrondissement":2,"center":[5.367743,43.297079]},"geometry":{"type":"Polygon","coordinates":[[[5.372985,43.297733],[5.374186,43.296262],[5.374424,43.295276],[5.373751,43.295035],[5.373524,43.295897],[5.372682,43.296111],[5.367589,43.295612],[5.36274,43.294587],[5.36192,43.294742],[5.361374,43.29508],[5.36121,43.295289],[5.361095,43.295307],[5.361247,43.295393],[5.360963,43.295631],[5.361202,43.296047],[5.361664,43.296045],[5.362589,43.296494],[5.362702,43.296835],[5.362817,43.296769],[5.363004,43.296881],[5.36438,43.298403],[5.364614,43.298521],[5.364772,43.298882],[5.366108,43.29871],[5.366318,43.299414],[5.369311,43.299262],[5.37081,43.299305],[5.370873,43.299446],[5.371285,43.299457],[5.371363,43.299574],[5.371447,43.299486],[5.371696,43.299526],[5.371607,43.299388],[5.372593,43.298168],[5.372985,43.297733]]]}},{"type":"Feature","properties":{"name":"LE CAMAS","slug":"le-camas","arrondissement":5,"center":[5.393626,43.296188]},"geometry":{"type":"Polygon","coordinates":[[[5.400398,43.295444],[5.401316,43.294369],[5.40152,43.293869],[5.401389,43.293766],[5.401393,43.29363],[5.40153,43.293537],[5.401242,43.292685],[5.401185,43.292568],[5.40096,43.292492],[5.400086,43.292716],[5.400067,43.292869],[5.398484,43.293871],[5.3982,43.294224],[5.398023,43.294224],[5.398025,43.293899],[5.393904,43.29398],[5.392787,43.294101],[5.391453,43.294359],[5.390215,43.29418],[5.389031,43.294279],[5.388715,43.293292],[5.38556,43.294292],[5.386363,43.295995],[5.386728,43.296022],[5.388755,43.300209],[5.389079,43.300309],[5.389052,43.298902],[5.39118,43.298802],[5.391983,43.298988],[5.395433,43.29942],[5.395475,43.298894],[5.396195,43.298768],[5.39621,43.298685],[5.397308,43.298293],[5.398436,43.298156],[5.398472,43.297977],[5.3999,43.297757],[5.400094,43.29762],[5.40033,43.297618],[5.400339,43.297519],[5.400819,43.297509],[5.400358,43.296946],[5.400217,43.2966],[5.400314,43.295804],[5.400244,43.295768],[5.400384,43.295465],[5.400398,43.295444]]]}},{"type":"Feature","properties":{"name":"CASTELLANE","slug":"castellane","arrondissement":6,"center":[5.38308,43.285078]},"geometry":{"type":"Polygon","coordinates":[[[5.385561,43.284163],[5.388264,43.282367],[5.38626,43.282074],[5.381984,43.28114],[5.379086,43.287972],[5.384117,43.289087],[5.385511,43.286435],[5.385454,43.286314],[5.384768,43.286129],[5.38518,43.285119],[5.38538,43.284997],[5.38533,43.284832],[5.385561,43.284163]]]}},{"type":"Feature","properties":{"name":"LODI","slug":"lodi","arrondissement":6,"center":[5.388051,43.28628]},"geometry":{"type":"Polygon","coordinates":[[[5.390718,43.284878],[5.391946,43.284756],[5.391943,43.284533],[5.39274,43.283116],[5.392358,43.282807],[5.390827,43.283],[5.386916,43.283269],[5.385561,43.284163],[5.385316,43.284884],[5.38538,43.284997],[5.38518,43.285119],[5.384768,43.286129],[5.385454,43.286314],[5.385511,43.286435],[5.384117,43.289087],[5.386471,43.290257],[5.386795,43.289927],[5.389111,43.289974],[5.389152,43.28813],[5.389726,43.288285],[5.390437,43.286874],[5.390364,43.286712],[5.391373,43.286296],[5.390881,43.285221],[5.390718,43.284878]]]}},{"type":"Feature","properties":{"name":"ROUCAS-BLANC","slug":"roucas-blanc","arrondissement":7,"center":[5.367953,43.275554]},"geometry":{"type":"MultiPolygon","coordinates":[[[[5.361274,43.27333],[5.361934,43.272496],[5.361147,43.273304],[5.361063,43.273548],[5.361163,43.273527],[5.361187,43.27342],[5.361274,43.27333]]],[[[5.372153,43.280418],[5.372267,43.280378],[5.372866,43.280518],[5.372832,43.280035],[5.372939,43.279845],[5.372852,43.279809],[5.372933,43.279618],[5.373285,43.279326],[5.373817,43.279195],[5.37386,43.279034],[5.374614,43.278097],[5.37453,43.278008],[5.374475,43.277436],[5.374354,43.277305],[5.372922,43.277003],[5.373013,43.276804],[5.373029,43.276472],[5.372749,43.275891],[5.372641,43.275244],[5.372667,43.274603],[5.372826,43.273639],[5.3727,43.273388],[5.372653,43.272065],[5.372435,43.271479],[5.372234,43.270577],[5.372321,43.270185],[5.372595,43.269666],[5.37254,43.268615],[5.372592,43.268542],[5.372615,43.26782],[5.371951,43.267634],[5.371096,43.268344],[5.370834,43.268486],[5.369552,43.268909],[5.368503,43.268867],[5.368443,43.268419],[5.367998,43.268314],[5.367964,43.268633],[5.367799,43.268673],[5.367961,43.268685],[5.367916,43.268852],[5.36766,43.268837],[5.367627,43.268969],[5.367337,43.268948],[5.367361,43.269043],[5.36708,43.26919],[5.366332,43.269067],[5.366212,43.269186],[5.366343,43.269378],[5.366032,43.269625],[5.365957,43.269579],[5.365905,43.269772],[5.365818,43.269817],[5.365281,43.269977],[5.365234,43.2699],[5.365063,43.269897],[5.365068,43.270017],[5.364249,43.270168],[5.363919,43.270149],[5.36353,43.270354],[5.363302,43.27037],[5.363031,43.270562],[5.363053,43.270692],[5.362734,43.271076],[5.362341,43.272733],[5.3621,43.272861],[5.36184,43.272858],[5.361545,43.273204],[5.362094,43.273602],[5.362166,43.27371],[5.362088,43.273823],[5.362178,43.273861],[5.362038,43.273847],[5.361885,43.274008],[5.362,43.274054],[5.361704,43.274255],[5.359883,43.27462],[5.359726,43.274743],[5.359904,43.275018],[5.359833,43.275108],[5.359948,43.275177],[5.359996,43.275408],[5.360807,43.275874],[5.361465,43.276625],[5.361907,43.277409],[5.363044,43.278492],[5.36353,43.279633],[5.363695,43.279713],[5.365015,43.279911],[5.367138,43.280939],[5.367994,43.280849],[5.368278,43.280722],[5.368697,43.280354],[5.368925,43.280517],[5.368882,43.280889],[5.368995,43.281416],[5.368829,43.28149],[5.368175,43.281492],[5.367619,43.281819],[5.367552,43.281932],[5.367591,43.282052],[5.368021,43.282436],[5.368165,43.28268],[5.368134,43.282848],[5.367639,43.283406],[5.367458,43.28384],[5.367443,43.284061],[5.368966,43.284035],[5.36966,43.283953],[5.370391,43.284036],[5.370329,43.28386],[5.370878,43.283772],[5.371362,43.283381],[5.371305,43.283013],[5.37152,43.282863],[5.371696,43.282472],[5.371816,43.28219],[5.371679,43.282149],[5.372155,43.281333],[5.372434,43.281066],[5.372153,43.280418]]],[[[5.361077,43.274337],[5.360993,43.274335],[5.361043,43.27436],[5.361077,43.274337]]]]}},{"type":"Feature","properties":{"name":"SAINT-LAMBERT","slug":"saint-lambert","arrondissement":7,"center":[5.361428,43.28656]},"geometry":{"type":"Polygon","coordinates":[[[5.365791,43.287546],[5.366059,43.287653],[5.366673,43.288159],[5.36658,43.287947],[5.366133,43.287565],[5.366262,43.287483],[5.366291,43.287229],[5.366644,43.28734],[5.36646,43.286224],[5.366487,43.285923],[5.36662,43.285528],[5.36695,43.285193],[5.367541,43.284274],[5.367481,43.284209],[5.366618,43.284292],[5.366599,43.28373],[5.36619,43.283874],[5.366056,43.28375],[5.366076,43.283458],[5.365912,43.283314],[5.365432,43.283255],[5.365262,43.283381],[5.364907,43.283234],[5.364643,43.283754],[5.3637,43.283944],[5.363386,43.283884],[5.363401,43.283606],[5.362317,43.284493],[5.36012,43.285058],[5.359967,43.285075],[5.358206,43.284306],[5.358099,43.284451],[5.357781,43.284565],[5.35775,43.28474],[5.357561,43.285019],[5.354481,43.286487],[5.35453,43.2873],[5.354273,43.287915],[5.355749,43.288314],[5.356087,43.288356],[5.356277,43.288175],[5.356903,43.288247],[5.364371,43.289497],[5.365312,43.288754],[5.365418,43.288598],[5.365288,43.288558],[5.365585,43.287975],[5.365791,43.287546]]]}},{"type":"Feature","properties":{"name":"POINTE ROUGE","slug":"pointe-rouge","arrondissement":8,"center":[5.379952,43.238748]},"geometry":{"type":"Polygon","coordinates":[[[5.391174,43.236839],[5.391085,43.2363],[5.391225,43.236142],[5.391511,43.235989],[5.391892,43.235501],[5.391938,43.234969],[5.390864,43.234191],[5.38955,43.233033],[5.385121,43.232269],[5.384784,43.231956],[5.383821,43.231901],[5.383628,43.231744],[5.383396,43.231787],[5.382806,43.23156],[5.382556,43.231729],[5.382139,43.231767],[5.381914,43.231935],[5.381463,43.232002],[5.381239,43.23194],[5.379828,43.232173],[5.378386,43.232625],[5.378223,43.232763],[5.377935,43.232753],[5.37758,43.232967],[5.376899,43.233728],[5.376651,43.23389],[5.373998,43.234234],[5.373802,43.234778],[5.373027,43.236122],[5.37223,43.235889],[5.371059,43.237517],[5.371033,43.237721],[5.371089,43.237822],[5.372011,43.238384],[5.371851,43.23841],[5.371617,43.238804],[5.371111,43.238613],[5.37079,43.239164],[5.370278,43.238939],[5.368815,43.240554],[5.368176,43.240086],[5.367638,43.240594],[5.368015,43.240874],[5.368819,43.241866],[5.367933,43.242519],[5.367231,43.242043],[5.367163,43.242176],[5.36671,43.242145],[5.365786,43.242374],[5.365381,43.24223],[5.364539,43.242338],[5.364274,43.242158],[5.363867,43.242075],[5.363292,43.242287],[5.363098,43.242133],[5.362627,43.242187],[5.362375,43.241582],[5.361968,43.241782],[5.361821,43.241982],[5.36179,43.242218],[5.36358,43.246194],[5.363719,43.246384],[5.363871,43.24643],[5.364072,43.246366],[5.364071,43.2461],[5.36356,43.24503],[5.363583,43.244781],[5.363054,43.243591],[5.363182,43.243556],[5.363098,43.243378],[5.363164,43.243362],[5.363382,43.243647],[5.363598,43.243598],[5.363548,43.243486],[5.363647,43.243461],[5.363461,43.243016],[5.364877,43.242662],[5.364914,43.242756],[5.365291,43.242666],[5.365381,43.242848],[5.366497,43.242589],[5.367748,43.243325],[5.368093,43.244087],[5.364214,43.24504],[5.364406,43.245608],[5.364507,43.24573],[5.365462,43.245545],[5.365405,43.245481],[5.365771,43.245396],[5.365821,43.245471],[5.367903,43.245028],[5.368061,43.24511],[5.368184,43.245519],[5.368623,43.245973],[5.369313,43.246303],[5.369503,43.246326],[5.369591,43.246217],[5.369534,43.246121],[5.369235,43.246044],[5.369211,43.245977],[5.369328,43.245771],[5.36951,43.245806],[5.36967,43.245734],[5.369337,43.24543],[5.369335,43.244808],[5.370383,43.244696],[5.371613,43.244824],[5.372656,43.245207],[5.373012,43.245482],[5.372971,43.245567],[5.374067,43.244902],[5.374634,43.244468],[5.374763,43.243884],[5.375513,43.24284],[5.376058,43.242171],[5.377735,43.240521],[5.377646,43.240428],[5.377761,43.240361],[5.377872,43.240412],[5.377847,43.240506],[5.379313,43.241848],[5.379526,43.24217],[5.379821,43.243294],[5.380043,43.243363],[5.380476,43.243736],[5.381048,43.243699],[5.381448,43.243958],[5.381691,43.243947],[5.382584,43.243381],[5.382955,43.243432],[5.383157,43.243375],[5.383614,43.242837],[5.384472,43.243357],[5.38466,43.243547],[5.38485,43.243568],[5.386529,43.244601],[5.387087,43.244071],[5.387727,43.243304],[5.390043,43.241542],[5.391313,43.240388],[5.392665,43.240101],[5.392631,43.239963],[5.392765,43.239759],[5.392672,43.239631],[5.392703,43.239538],[5.392492,43.239238],[5.391869,43.238717],[5.391278,43.238087],[5.391279,43.23742],[5.391174,43.236839]]]}},{"type":"Feature","properties":{"name":"LE ROUET","slug":"le-rouet","arrondissement":8,"center":[5.392648,43.277824]},"geometry":{"type":"Polygon","coordinates":[[[5.396014,43.275391],[5.395947,43.275435],[5.391856,43.272857],[5.391234,43.273025],[5.391041,43.272988],[5.385957,43.282004],[5.388264,43.282367],[5.386916,43.283269],[5.388739,43.283149],[5.399106,43.277565],[5.399132,43.277218],[5.399837,43.274615],[5.399115,43.274419],[5.399294,43.27318],[5.399218,43.273047],[5.398639,43.273625],[5.396225,43.275251],[5.396014,43.275391]]]}},{"type":"Feature","properties":{"name":"CARPIAGNE","slug":"carpiagne","arrondissement":9,"center":[5.498803,43.249728]},"geometry":{"type":"Polygon","coordinates":[[[5.469104,43.245312],[5.468536,43.245906],[5.4684,43.246457],[5.468355,43.251928],[5.468534,43.252471],[5.468746,43.252751],[5.468723,43.252995],[5.469015,43.253533],[5.470915,43.25368],[5.472571,43.253446],[5.473985,43.253536],[5.474706,43.253691],[5.475456,43.253678],[5.476327,43.253853],[5.476764,43.254053],[5.477869,43.254033],[5.478516,43.254193],[5.479351,43.254262],[5.479548,43.254368],[5.480086,43.254425],[5.480863,43.254638],[5.480996,43.254771],[5.482482,43.25492],[5.483235,43.255236],[5.483702,43.255589],[5.483862,43.255869],[5.484099,43.2561],[5.484145,43.256269],[5.484467,43.256537],[5.484555,43.256991],[5.486176,43.257769],[5.485909,43.258955],[5.485439,43.259122],[5.485118,43.259805],[5.485068,43.260661],[5.484577,43.262051],[5.485172,43.262565],[5.485647,43.263144],[5.485687,43.263871],[5.487088,43.264082],[5.487958,43.264902],[5.489615,43.265717],[5.489949,43.265985],[5.490011,43.266226],[5.490578,43.267127],[5.491546,43.267953],[5.492252,43.267388],[5.492446,43.267324],[5.49614,43.268465],[5.498103,43.267688],[5.498892,43.267701],[5.500162,43.264858],[5.501931,43.265912],[5.502415,43.265547],[5.503259,43.265459],[5.504149,43.265748],[5.508404,43.263893],[5.509439,43.263827],[5.510417,43.263552],[5.510542,43.263415],[5.510841,43.263439],[5.511416,43.263221],[5.511811,43.263345],[5.51316,43.263324],[5.514809,43.260094],[5.518111,43.249118],[5.518273,43.248855],[5.518369,43.248356],[5.518632,43.247774],[5.519571,43.244314],[5.519214,43.241645],[5.525778,43.238232],[5.526158,43.23753],[5.525374,43.236405],[5.524391,43.235233],[5.523087,43.234889],[5.516024,43.235034],[5.512726,43.235028],[5.512598,43.23491],[5.510699,43.234933],[5.51,43.23508],[5.509371,43.235037],[5.508463,43.234435],[5.508195,43.234086],[5.508139,43.233726],[5.508029,43.233529],[5.50769,43.233357],[5.507486,43.233392],[5.507226,43.233278],[5.506776,43.232972],[5.506905,43.232836],[5.506814,43.232655],[5.50692,43.232533],[5.507005,43.232027],[5.506648,43.231632],[5.506907,43.231187],[5.50697,43.23084],[5.506952,43.230738],[5.506577,43.230543],[5.506362,43.230281],[5.506343,43.230114],[5.503702,43.230433],[5.499878,43.230495],[5.500455,43.231033],[5.501265,43.231325],[5.501154,43.231838],[5.501231,43.232156],[5.501104,43.232384],[5.50044,43.232852],[5.50052,43.233473],[5.50042,43.234055],[5.500266,43.234195],[5.500234,43.234467],[5.500349,43.234506],[5.500364,43.234595],[5.500177,43.235052],[5.499825,43.235494],[5.499846,43.235852],[5.499702,43.236716],[5.499712,43.238298],[5.498806,43.239878],[5.497867,43.240113],[5.49752,43.239932],[5.496159,43.239711],[5.495211,43.239439],[5.494313,43.239632],[5.494289,43.23987],[5.494453,43.240129],[5.49274,43.240082],[5.492596,43.240151],[5.492626,43.240382],[5.491641,43.240364],[5.490101,43.240944],[5.489125,43.241138],[5.488798,43.241319],[5.487107,43.241781],[5.486704,43.242087],[5.486393,43.242127],[5.485631,43.242408],[5.485523,43.242556],[5.485138,43.242734],[5.484714,43.242643],[5.483778,43.24259],[5.482884,43.242626],[5.482364,43.242724],[5.481859,43.242678],[5.480219,43.242766],[5.478185,43.243702],[5.47176,43.244773],[5.469262,43.245072],[5.469104,43.245312]]]}},{"type":"Feature","properties":{"name":"SORMIOU","slug":"sormiou","arrondissement":9,"center":[5.400318,43.222736]},"geometry":{"type":"MultiPolygon","coordinates":[[[[5.39737,43.212163],[5.397154,43.212084],[5.396916,43.212151],[5.396715,43.212097],[5.396871,43.212244],[5.397167,43.212367],[5.397422,43.212395],[5.397418,43.212278],[5.39737,43.212163]]],[[[5.405525,43.211939],[5.405555,43.211831],[5.40525,43.211916],[5.405111,43.212141],[5.405317,43.212162],[5.405523,43.211982],[5.405525,43.211939]]],[[[5.423211,43.217834],[5.423339,43.217994],[5.423104,43.218965],[5.423185,43.21912],[5.423278,43.218993],[5.423576,43.218833],[5.424796,43.218337],[5.424976,43.217719],[5.425175,43.217323],[5.425709,43.216686],[5.426332,43.216118],[5.426899,43.215889],[5.426802,43.215563],[5.426549,43.215164],[5.427733,43.214324],[5.427563,43.213913],[5.427738,43.213505],[5.427382,43.213075],[5.42729,43.212803],[5.427174,43.212767],[5.426964,43.212401],[5.4268,43.212279],[5.426746,43.212054],[5.426591,43.211828],[5.425295,43.210922],[5.425976,43.210361],[5.425394,43.210029],[5.424979,43.2101],[5.42502,43.209799],[5.424916,43.209725],[5.424563,43.209664],[5.424046,43.209833],[5.424021,43.209977],[5.424296,43.21013],[5.424346,43.210366],[5.42417,43.210423],[5.424214,43.210553],[5.423968,43.210678],[5.424042,43.210947],[5.423838,43.210953],[5.423783,43.211014],[5.423851,43.211095],[5.423545,43.211145],[5.423268,43.210939],[5.423022,43.210942],[5.423011,43.211004],[5.423203,43.211016],[5.423433,43.211139],[5.423327,43.211382],[5.422998,43.211391],[5.422766,43.211288],[5.4228,43.211044],[5.422715,43.210989],[5.422776,43.210903],[5.422725,43.210751],[5.422516,43.210773],[5.422402,43.210614],[5.421545,43.210655],[5.420863,43.210787],[5.420399,43.210344],[5.42018,43.20992],[5.420172,43.209752],[5.421302,43.209048],[5.421722,43.208906],[5.421565,43.208711],[5.42156,43.208532],[5.421883,43.20872],[5.422053,43.208656],[5.422584,43.208409],[5.422682,43.208287],[5.422894,43.208232],[5.423379,43.207884],[5.423343,43.207807],[5.423495,43.207847],[5.424346,43.207385],[5.423858,43.207371],[5.423525,43.207507],[5.4237,43.207365],[5.424321,43.207156],[5.42432,43.206986],[5.424646,43.206784],[5.424915,43.206771],[5.424931,43.20662],[5.425182,43.20635],[5.425612,43.206224],[5.426247,43.206268],[5.426627,43.206157],[5.426679,43.205999],[5.426632,43.205928],[5.426388,43.205962],[5.426166,43.205701],[5.425746,43.205714],[5.425842,43.205561],[5.425745,43.205345],[5.426107,43.205309],[5.426448,43.205029],[5.426846,43.204891],[5.426886,43.204728],[5.427181,43.204527],[5.427016,43.204457],[5.427042,43.204372],[5.426951,43.204296],[5.426993,43.204083],[5.427224,43.203726],[5.42753,43.20353],[5.427006,43.203657],[5.426489,43.203946],[5.426306,43.203879],[5.425484,43.203998],[5.425404,43.203918],[5.424862,43.20399],[5.424851,43.2041],[5.424626,43.204251],[5.424539,43.204498],[5.42419,43.204678],[5.424021,43.204633],[5.423835,43.204686],[5.423824,43.204943],[5.423917,43.204962],[5.423958,43.205065],[5.423403,43.205475],[5.422884,43.20535],[5.422779,43.205405],[5.42244,43.205035],[5.422331,43.205017],[5.422226,43.205074],[5.422255,43.205176],[5.422008,43.205289],[5.421795,43.205513],[5.421342,43.205709],[5.420886,43.206062],[5.420533,43.206131],[5.419972,43.206583],[5.419392,43.206548],[5.418888,43.206773],[5.418584,43.206735],[5.418436,43.206859],[5.418436,43.206976],[5.418153,43.207071],[5.417572,43.207715],[5.417304,43.207537],[5.416957,43.207457],[5.416603,43.207566],[5.415268,43.207622],[5.415,43.207894],[5.41436,43.208024],[5.413551,43.208517],[5.412699,43.208749],[5.411906,43.209122],[5.411804,43.209111],[5.411244,43.20975],[5.411229,43.209901],[5.411481,43.210138],[5.411549,43.210312],[5.411004,43.210222],[5.410375,43.210279],[5.410116,43.210382],[5.410014,43.210542],[5.409741,43.210413],[5.409548,43.210413],[5.409448,43.210523],[5.409539,43.21071],[5.409448,43.210882],[5.40899,43.210846],[5.408822,43.211048],[5.408826,43.211422],[5.40861,43.211701],[5.408683,43.211988],[5.408302,43.211901],[5.407866,43.211986],[5.406834,43.211772],[5.405945,43.211798],[5.405434,43.212111],[5.405382,43.212656],[5.404776,43.212534],[5.404717,43.21245],[5.404177,43.212526],[5.403998,43.212484],[5.404107,43.21265],[5.404436,43.21284],[5.404372,43.212902],[5.404445,43.212992],[5.404368,43.213069],[5.40446,43.213213],[5.404211,43.213262],[5.404028,43.213126],[5.403745,43.213148],[5.403457,43.213023],[5.402785,43.213085],[5.402661,43.213269],[5.402851,43.21337],[5.402464,43.213502],[5.402673,43.213841],[5.402491,43.21397],[5.402188,43.213995],[5.401892,43.213654],[5.401667,43.213517],[5.4014,43.213082],[5.401391,43.212867],[5.401189,43.212821],[5.401161,43.212932],[5.400804,43.213151],[5.40049,43.212936],[5.400292,43.212699],[5.400096,43.212655],[5.399937,43.21243],[5.399265,43.212133],[5.399109,43.212136],[5.399057,43.212249],[5.398737,43.212452],[5.39872,43.212553],[5.398873,43.21271],[5.398816,43.212731],[5.399046,43.212887],[5.398837,43.21289],[5.398603,43.213075],[5.398294,43.213011],[5.398042,43.213054],[5.39799,43.213174],[5.397889,43.213212],[5.397809,43.213106],[5.397569,43.213133],[5.397454,43.212921],[5.396896,43.212501],[5.395998,43.21264],[5.395382,43.212553],[5.395266,43.212467],[5.395068,43.212457],[5.394982,43.212344],[5.394793,43.212328],[5.394223,43.212552],[5.393791,43.212614],[5.393355,43.212561],[5.393021,43.212339],[5.392472,43.212273],[5.390906,43.212224],[5.390639,43.212083],[5.390164,43.212143],[5.3899,43.212059],[5.389501,43.212144],[5.389398,43.211873],[5.389496,43.211393],[5.389363,43.211373],[5.389214,43.211218],[5.388792,43.211181],[5.388499,43.211245],[5.388382,43.211194],[5.388286,43.211106],[5.388285,43.210726],[5.387971,43.210656],[5.387916,43.210516],[5.387676,43.210377],[5.387473,43.210355],[5.387169,43.210667],[5.387118,43.210633],[5.387159,43.210546],[5.386843,43.210351],[5.385999,43.210164],[5.385861,43.210243],[5.385776,43.210489],[5.385653,43.210515],[5.385554,43.21024],[5.385261,43.209993],[5.384518,43.20994],[5.384364,43.209786],[5.383944,43.20985],[5.383901,43.209969],[5.384059,43.210226],[5.383994,43.210255],[5.38442,43.210631],[5.384433,43.211039],[5.384222,43.211124],[5.38394,43.21099],[5.383838,43.210811],[5.383147,43.210514],[5.382888,43.210154],[5.38236,43.209875],[5.382557,43.209809],[5.382481,43.209544],[5.38197,43.209634],[5.381866,43.209786],[5.381636,43.209659],[5.381634,43.209747],[5.381556,43.209718],[5.381646,43.210399],[5.383625,43.22339],[5.383388,43.223471],[5.382263,43.223236],[5.38152,43.222769],[5.380719,43.222917],[5.380003,43.223218],[5.379366,43.22324],[5.37888,43.223444],[5.378432,43.223435],[5.378658,43.224097],[5.378944,43.22461],[5.379303,43.224888],[5.379139,43.225288],[5.379285,43.225706],[5.379442,43.225891],[5.379828,43.225979],[5.379978,43.226263],[5.380116,43.226313],[5.38099,43.226324],[5.381538,43.226928],[5.381852,43.227055],[5.381805,43.227784],[5.381916,43.228032],[5.381679,43.228192],[5.381602,43.228365],[5.381759,43.228775],[5.381755,43.228937],[5.381568,43.229113],[5.380717,43.229524],[5.381463,43.232002],[5.381914,43.231935],[5.382139,43.231767],[5.382556,43.231729],[5.382806,43.23156],[5.383396,43.231787],[5.383628,43.231744],[5.383821,43.231901],[5.384784,43.231956],[5.385121,43.232269],[5.38955,43.233033],[5.390864,43.234191],[5.391938,43.234969],[5.391892,43.235501],[5.391511,43.235989],[5.391225,43.236142],[5.391085,43.2363],[5.391279,43.23742],[5.391278,43.238087],[5.391869,43.238717],[5.392492,43.239238],[5.392703,43.239538],[5.392672,43.239631],[5.392765,43.239759],[5.392631,43.239963],[5.392665,43.240101],[5.391313,43.240388],[5.390036,43.241533],[5.390873,43.242029],[5.39128,43.242377],[5.391228,43.242526],[5.392649,43.243192],[5.392548,43.243295],[5.394412,43.244355],[5.394612,43.244289],[5.395276,43.244428],[5.395469,43.244331],[5.396133,43.244612],[5.396282,43.244431],[5.396615,43.244448],[5.397662,43.245614],[5.397848,43.245643],[5.399652,43.244723],[5.400752,43.244024],[5.403299,43.242244],[5.404255,43.241322],[5.404357,43.241116],[5.402262,43.238947],[5.403773,43.237463],[5.404166,43.236911],[5.403508,43.236071],[5.403302,43.235601],[5.403285,43.23541],[5.402886,43.234986],[5.402078,43.234391],[5.403162,43.233314],[5.403462,43.233423],[5.404066,43.232554],[5.404442,43.232654],[5.40503,43.231449],[5.405075,43.23128],[5.404998,43.231167],[5.405236,43.231126],[5.405491,43.230545],[5.405959,43.229275],[5.406021,43.228908],[5.407126,43.227138],[5.407811,43.227362],[5.408429,43.227357],[5.40849,43.227115],[5.409346,43.226965],[5.409865,43.227828],[5.40958,43.228031],[5.409964,43.229654],[5.410821,43.227934],[5.410623,43.227912],[5.411097,43.227793],[5.411219,43.226963],[5.411107,43.226651],[5.410383,43.226184],[5.409903,43.225392],[5.409603,43.224376],[5.409907,43.224178],[5.410686,43.222494],[5.411584,43.221561],[5.411245,43.221128],[5.411667,43.220538],[5.412287,43.219411],[5.413645,43.220214],[5.414237,43.218519],[5.415183,43.218786],[5.415495,43.219063],[5.415516,43.219211],[5.415416,43.219307],[5.415433,43.219397],[5.415801,43.219291],[5.41586,43.219157],[5.415819,43.219034],[5.415375,43.218482],[5.415383,43.218294],[5.41556,43.218167],[5.415869,43.218154],[5.416373,43.218476],[5.417289,43.21873],[5.417452,43.218852],[5.417746,43.219477],[5.417925,43.219548],[5.418158,43.219475],[5.418661,43.219122],[5.41882,43.21894],[5.418795,43.218792],[5.419034,43.219199],[5.41918,43.219028],[5.419828,43.218821],[5.420019,43.218657],[5.420499,43.218499],[5.421198,43.218397],[5.421607,43.218502],[5.422222,43.218417],[5.423142,43.217843],[5.423211,43.217834]]]]}},{"type":"Feature","properties":{"name":"SAINTE MARGUERITE","slug":"sainte-marguerite","arrondissement":9,"center":[5.406092,43.265966]},"geometry":{"type":"Polygon","coordinates":[[[5.414887,43.261331],[5.415855,43.260181],[5.413801,43.259558],[5.413198,43.259278],[5.412555,43.258836],[5.411999,43.25856],[5.410658,43.258074],[5.410129,43.257764],[5.409891,43.257852],[5.409862,43.258173],[5.409627,43.258518],[5.409342,43.258675],[5.409139,43.258609],[5.408528,43.257829],[5.408253,43.256606],[5.406509,43.255282],[5.404101,43.256803],[5.402792,43.259106],[5.402241,43.2598],[5.399311,43.25883],[5.39919,43.258576],[5.393931,43.267881],[5.394239,43.267795],[5.39525,43.267768],[5.396956,43.267477],[5.397399,43.267559],[5.398739,43.26824],[5.39932,43.268374],[5.400012,43.268808],[5.401015,43.269024],[5.401244,43.269462],[5.401537,43.269686],[5.401163,43.26986],[5.400964,43.270061],[5.400361,43.270989],[5.399218,43.273047],[5.399294,43.27318],[5.399115,43.274419],[5.400418,43.27476],[5.403897,43.275501],[5.404122,43.274806],[5.404448,43.274869],[5.405231,43.274624],[5.405433,43.274419],[5.405862,43.27422],[5.406571,43.274192],[5.407202,43.274465],[5.407398,43.274825],[5.408054,43.274875],[5.408137,43.274686],[5.408983,43.275133],[5.410369,43.275596],[5.411236,43.276112],[5.413035,43.27339],[5.413857,43.273756],[5.414495,43.272847],[5.414716,43.272399],[5.413147,43.271685],[5.413186,43.271526],[5.412338,43.270788],[5.412413,43.270327],[5.411476,43.269897],[5.412858,43.268367],[5.41498,43.268252],[5.41497,43.267541],[5.414824,43.267201],[5.414767,43.266724],[5.414854,43.266627],[5.414837,43.265875],[5.415116,43.265651],[5.414229,43.264971],[5.414744,43.264688],[5.415133,43.264261],[5.41636,43.262331],[5.414402,43.261755],[5.414798,43.261432],[5.414887,43.261331]]]}},{"type":"Feature","properties":{"name":"VAUFREGES","slug":"vaufreges","arrondissement":9,"center":[5.480564,43.226961]},"geometry":{"type":"MultiPolygon","coordinates":[[[[5.460507,43.209899],[5.460424,43.209765],[5.46017,43.209871],[5.4603,43.21001],[5.460507,43.209899]]],[[[5.509827,43.197668],[5.509894,43.197646],[5.509768,43.197619],[5.509614,43.197725],[5.509801,43.197675],[5.509827,43.197668]]],[[[5.490375,43.202173],[5.490166,43.20204],[5.490026,43.202071],[5.490206,43.202246],[5.490419,43.202205],[5.490375,43.202173]]],[[[5.481122,43.204413],[5.481138,43.204269],[5.480943,43.204258],[5.480848,43.204537],[5.480909,43.204812],[5.481091,43.204516],[5.481122,43.204413]]],[[[5.46252,43.209724],[5.462391,43.209642],[5.462247,43.209757],[5.462395,43.20983],[5.462511,43.209745],[5.46252,43.209724]]],[[[5.468536,43.245906],[5.46907,43.245389],[5.469262,43.245072],[5.47176,43.244773],[5.478185,43.243702],[5.480219,43.242766],[5.481859,43.242678],[5.482364,43.242724],[5.482884,43.242626],[5.483778,43.24259],[5.484714,43.242643],[5.485138,43.242734],[5.485523,43.242556],[5.485631,43.242408],[5.486393,43.242127],[5.486704,43.242087],[5.487107,43.241781],[5.488798,43.241319],[5.489125,43.241138],[5.490101,43.240944],[5.491641,43.240364],[5.492626,43.240382],[5.492596,43.240151],[5.49274,43.240082],[5.494453,43.240129],[5.494264,43.239782],[5.494365,43.239599],[5.495211,43.239439],[5.496159,43.239711],[5.49752,43.239932],[5.497867,43.240113],[5.498806,43.239878],[5.499712,43.238298],[5.499702,43.236716],[5.499846,43.235852],[5.499825,43.235494],[5.500177,43.235052],[5.500364,43.234595],[5.500349,43.234506],[5.500234,43.234467],[5.500266,43.234195],[5.50042,43.234055],[5.50052,43.233473],[5.50044,43.232852],[5.501104,43.232384],[5.501231,43.232156],[5.501154,43.231838],[5.501265,43.231325],[5.500455,43.231033],[5.499878,43.230495],[5.503702,43.230433],[5.506343,43.230114],[5.506454,43.229767],[5.506604,43.229633],[5.506596,43.226778],[5.506995,43.226624],[5.507807,43.22597],[5.508602,43.22546],[5.508977,43.225058],[5.510186,43.224289],[5.510702,43.223796],[5.511056,43.22329],[5.511428,43.222541],[5.511886,43.222174],[5.512111,43.221381],[5.512081,43.221143],[5.511978,43.220983],[5.511779,43.220719],[5.511401,43.220417],[5.516731,43.217169],[5.517148,43.216613],[5.517689,43.216147],[5.517944,43.215622],[5.517954,43.215382],[5.517549,43.214025],[5.517521,43.213591],[5.514162,43.208017],[5.5119,43.206872],[5.511341,43.20585],[5.51133,43.20537],[5.511524,43.204489],[5.51052,43.200027],[5.510106,43.199087],[5.509925,43.197694],[5.509703,43.197828],[5.509516,43.198108],[5.509233,43.198764],[5.509281,43.199157],[5.509013,43.19944],[5.509134,43.199611],[5.509164,43.199975],[5.509111,43.200135],[5.509407,43.200934],[5.509376,43.201171],[5.509568,43.201377],[5.509612,43.20156],[5.509564,43.201694],[5.509872,43.20183],[5.509997,43.202211],[5.510293,43.202334],[5.510297,43.202447],[5.510398,43.20246],[5.510405,43.202543],[5.510674,43.202545],[5.511045,43.202914],[5.511034,43.203312],[5.511138,43.20366],[5.510798,43.203924],[5.51061,43.203837],[5.510789,43.203531],[5.51058,43.203297],[5.510623,43.203199],[5.510505,43.203067],[5.509711,43.202958],[5.509635,43.202854],[5.509449,43.202824],[5.509489,43.202752],[5.509086,43.202339],[5.508712,43.202112],[5.508558,43.202108],[5.508615,43.201917],[5.508432,43.201813],[5.508395,43.201527],[5.508231,43.201492],[5.508021,43.201169],[5.507657,43.20098],[5.507734,43.200816],[5.507448,43.200692],[5.507462,43.2003],[5.507349,43.200156],[5.507086,43.200027],[5.507088,43.19982],[5.506972,43.199588],[5.507,43.199384],[5.506827,43.199078],[5.506725,43.199127],[5.506626,43.199682],[5.506476,43.19969],[5.506239,43.199532],[5.506181,43.199399],[5.505967,43.199301],[5.50546,43.199768],[5.504808,43.200066],[5.503642,43.200141],[5.502651,43.200808],[5.502017,43.201047],[5.501788,43.201298],[5.501577,43.201344],[5.501444,43.201266],[5.50112,43.201302],[5.500731,43.20156],[5.500468,43.201569],[5.500169,43.201751],[5.499772,43.201741],[5.498422,43.202421],[5.498009,43.202102],[5.499376,43.201177],[5.499696,43.201094],[5.500134,43.201171],[5.500303,43.200903],[5.500688,43.200686],[5.501951,43.20024],[5.50215,43.199961],[5.502901,43.19937],[5.504198,43.1989],[5.504499,43.1987],[5.504453,43.198359],[5.504548,43.1981],[5.50444,43.197979],[5.503234,43.198177],[5.502467,43.198062],[5.502028,43.198078],[5.501434,43.197799],[5.50102,43.197767],[5.500596,43.197275],[5.500448,43.197171],[5.500287,43.197176],[5.499608,43.197601],[5.499303,43.197577],[5.499314,43.197668],[5.498266,43.198155],[5.49811,43.198336],[5.497887,43.198346],[5.497634,43.198572],[5.497217,43.198697],[5.497062,43.19889],[5.497029,43.19915],[5.496963,43.199134],[5.496906,43.199235],[5.496765,43.199224],[5.496872,43.199449],[5.496709,43.19954],[5.496322,43.199448],[5.496391,43.199671],[5.496334,43.199806],[5.496142,43.199841],[5.496057,43.200094],[5.495859,43.199978],[5.495622,43.200053],[5.495498,43.200195],[5.495122,43.200176],[5.495025,43.200304],[5.494888,43.200335],[5.494921,43.200439],[5.49479,43.200554],[5.494416,43.20058],[5.494268,43.200663],[5.494329,43.201147],[5.494477,43.201367],[5.494421,43.201485],[5.494488,43.201936],[5.494649,43.202288],[5.494596,43.202588],[5.494652,43.202829],[5.494384,43.203158],[5.494001,43.203154],[5.493963,43.203272],[5.493385,43.203072],[5.493329,43.203531],[5.493004,43.203582],[5.49288,43.203866],[5.492689,43.20388],[5.492074,43.203681],[5.491669,43.203819],[5.491621,43.203653],[5.491702,43.203429],[5.491327,43.202977],[5.49144,43.202754],[5.491422,43.202593],[5.49072,43.202225],[5.490115,43.202298],[5.489666,43.202474],[5.489654,43.202536],[5.489923,43.202734],[5.489769,43.203002],[5.489767,43.203202],[5.489563,43.203218],[5.48963,43.203546],[5.489413,43.203468],[5.489349,43.203524],[5.489154,43.20351],[5.489082,43.203679],[5.488864,43.203653],[5.488847,43.203363],[5.488558,43.203066],[5.488312,43.203126],[5.488307,43.203267],[5.488146,43.203288],[5.488106,43.203387],[5.487799,43.203466],[5.488272,43.203667],[5.48825,43.203731],[5.487953,43.203829],[5.487949,43.204105],[5.487507,43.204074],[5.487506,43.204492],[5.486436,43.204288],[5.48634,43.204409],[5.486083,43.204465],[5.485604,43.204348],[5.485804,43.204531],[5.485617,43.20462],[5.485079,43.204452],[5.484908,43.204492],[5.484658,43.204642],[5.484692,43.204789],[5.48441,43.205027],[5.484209,43.20543],[5.483772,43.205401],[5.483574,43.205878],[5.483188,43.206236],[5.483057,43.206069],[5.482803,43.205948],[5.48278,43.205863],[5.482085,43.205748],[5.481509,43.205511],[5.480891,43.205394],[5.480823,43.205235],[5.480447,43.204934],[5.480613,43.20457],[5.480545,43.204383],[5.480234,43.204802],[5.480116,43.204746],[5.480109,43.204409],[5.480027,43.204358],[5.479699,43.204432],[5.479609,43.204515],[5.479509,43.204892],[5.47937,43.204988],[5.479136,43.20486],[5.479191,43.20482],[5.479128,43.204769],[5.478857,43.204792],[5.478713,43.204734],[5.478749,43.204611],[5.47868,43.204466],[5.477984,43.204087],[5.47733,43.204068],[5.477154,43.204111],[5.477075,43.204196],[5.477084,43.204387],[5.476962,43.204433],[5.47639,43.204343],[5.476083,43.204446],[5.476235,43.204891],[5.475719,43.205276],[5.475417,43.205265],[5.475257,43.205383],[5.475156,43.20537],[5.475122,43.205437],[5.475197,43.205535],[5.475134,43.205587],[5.474907,43.20557],[5.473993,43.20579],[5.473458,43.206175],[5.473316,43.206162],[5.472882,43.205762],[5.472682,43.205922],[5.472198,43.205833],[5.471781,43.206039],[5.471194,43.206014],[5.470951,43.206147],[5.470494,43.205975],[5.47009,43.20615],[5.469548,43.206492],[5.469565,43.206594],[5.469736,43.206693],[5.470042,43.207193],[5.470416,43.207456],[5.470562,43.207705],[5.470549,43.207924],[5.470482,43.208036],[5.470103,43.208198],[5.469609,43.208081],[5.469456,43.208164],[5.469361,43.2083],[5.469344,43.208702],[5.468912,43.208999],[5.468431,43.208962],[5.467994,43.209047],[5.467779,43.208858],[5.466871,43.208916],[5.466476,43.208651],[5.466232,43.208583],[5.465817,43.208561],[5.465673,43.208488],[5.465312,43.208578],[5.464796,43.208578],[5.464543,43.208441],[5.464383,43.20844],[5.463811,43.209044],[5.463325,43.209151],[5.463182,43.209389],[5.463147,43.209693],[5.463059,43.209766],[5.462738,43.209856],[5.462466,43.210029],[5.462409,43.210046],[5.46226,43.209883],[5.461761,43.209911],[5.461517,43.210069],[5.460198,43.210116],[5.46019,43.210222],[5.460037,43.21033],[5.461346,43.211051],[5.461369,43.211303],[5.461661,43.211819],[5.461959,43.212171],[5.462408,43.212314],[5.46315,43.212405],[5.464877,43.212798],[5.46555,43.213007],[5.46623,43.213072],[5.467443,43.212999],[5.467466,43.21325],[5.467616,43.213607],[5.468303,43.214437],[5.46977,43.215348],[5.46965,43.215404],[5.470076,43.216412],[5.470337,43.217676],[5.470341,43.219213],[5.470013,43.220453],[5.469652,43.221226],[5.468068,43.221595],[5.467011,43.221926],[5.466883,43.22299],[5.465263,43.223378],[5.463785,43.22396],[5.463115,43.224992],[5.462119,43.226149],[5.460838,43.226691],[5.457153,43.229789],[5.458194,43.230552],[5.458627,43.230679],[5.45827,43.230732],[5.457672,43.230536],[5.458098,43.230891],[5.458438,43.231023],[5.459178,43.230743],[5.459861,43.231232],[5.459181,43.231191],[5.459092,43.231274],[5.459956,43.231649],[5.460044,43.23175],[5.459973,43.231813],[5.459326,43.231806],[5.458788,43.231964],[5.458387,43.23194],[5.457584,43.232072],[5.457275,43.232511],[5.457189,43.2328],[5.457195,43.232924],[5.457382,43.233227],[5.457324,43.233399],[5.457013,43.233667],[5.456917,43.233922],[5.45635,43.233995],[5.456552,43.234799],[5.456463,43.234936],[5.457031,43.236209],[5.457284,43.237021],[5.45724,43.237669],[5.456777,43.238624],[5.456321,43.239856],[5.455958,43.239861],[5.454827,43.240264],[5.453845,43.240335],[5.453049,43.240194],[5.452035,43.239761],[5.451684,43.239843],[5.451627,43.240009],[5.451817,43.240345],[5.45288,43.241327],[5.453174,43.242244],[5.453117,43.242433],[5.452969,43.242562],[5.452239,43.242601],[5.450419,43.24249],[5.44926,43.242257],[5.448937,43.242387],[5.448674,43.24261],[5.448359,43.242669],[5.447756,43.242427],[5.447255,43.242345],[5.446878,43.242448],[5.446506,43.242765],[5.445506,43.243046],[5.445271,43.243279],[5.445381,43.244147],[5.445529,43.244341],[5.446193,43.244844],[5.446329,43.245169],[5.44627,43.245527],[5.445873,43.245982],[5.445806,43.246147],[5.443439,43.246666],[5.442234,43.246789],[5.441907,43.246941],[5.440777,43.247029],[5.43987,43.247183],[5.438736,43.247813],[5.438008,43.247964],[5.437386,43.247881],[5.4364,43.247275],[5.435999,43.246522],[5.436051,43.246324],[5.434688,43.246354],[5.434006,43.246443],[5.431333,43.246198],[5.431402,43.246349],[5.431896,43.246516],[5.430669,43.248654],[5.431609,43.250216],[5.431855,43.250201],[5.432224,43.2505],[5.432592,43.25067],[5.434768,43.251085],[5.435127,43.251254],[5.436212,43.25233],[5.436972,43.252482],[5.437699,43.252722],[5.438558,43.252543],[5.438768,43.252252],[5.438999,43.252287],[5.439158,43.25262],[5.440204,43.252767],[5.441241,43.252775],[5.441702,43.252879],[5.442562,43.253444],[5.444401,43.254361],[5.445417,43.255031],[5.445807,43.255436],[5.445946,43.255895],[5.448037,43.257622],[5.448616,43.258026],[5.449657,43.258194],[5.450037,43.258156],[5.452239,43.257463],[5.452294,43.257344],[5.452239,43.256788],[5.451949,43.256212],[5.451809,43.255668],[5.451865,43.255558],[5.452373,43.255624],[5.454591,43.256594],[5.455313,43.256753],[5.45564,43.256654],[5.457009,43.256506],[5.457151,43.256403],[5.457494,43.2557],[5.4579,43.255221],[5.45824,43.25514],[5.458559,43.254897],[5.458812,43.254817],[5.461117,43.254913],[5.461453,43.254679],[5.462354,43.25443],[5.462994,43.253984],[5.463363,43.253921],[5.464129,43.254028],[5.464982,43.254306],[5.466339,43.254452],[5.466926,43.254344],[5.468487,43.253823],[5.468807,43.253563],[5.469062,43.253548],[5.468723,43.252995],[5.468746,43.252751],[5.468534,43.252471],[5.468355,43.251928],[5.4684,43.246457],[5.468522,43.245935],[5.468536,43.245906]]]]}},{"type":"Feature","properties":{"name":"PONT-DE-VIVAUX","slug":"pont-de-vivaux","arrondissement":10,"center":[5.419466,43.280398]},"geometry":{"type":"Polygon","coordinates":[[[5.420212,43.277414],[5.419772,43.277128],[5.418631,43.276637],[5.417391,43.275918],[5.415701,43.274918],[5.41421,43.273921],[5.413035,43.27339],[5.411236,43.276112],[5.411463,43.276288],[5.411584,43.276865],[5.412094,43.277316],[5.414359,43.278607],[5.414892,43.278792],[5.416919,43.279754],[5.416726,43.279896],[5.416408,43.279925],[5.414846,43.279323],[5.414711,43.279478],[5.414367,43.280288],[5.414509,43.280964],[5.414386,43.280984],[5.414299,43.281118],[5.41452,43.281266],[5.414653,43.281508],[5.414115,43.281644],[5.41451,43.282297],[5.415211,43.282887],[5.414799,43.283291],[5.414502,43.283475],[5.415238,43.283557],[5.417231,43.28354],[5.41811,43.283647],[5.419026,43.283912],[5.421441,43.284893],[5.422379,43.285405],[5.423264,43.285741],[5.424777,43.285945],[5.425141,43.285647],[5.425168,43.285768],[5.425334,43.285875],[5.426066,43.285862],[5.426367,43.28556],[5.426678,43.28463],[5.426758,43.284286],[5.426697,43.284239],[5.427138,43.283101],[5.427549,43.281712],[5.427433,43.281349],[5.427215,43.281067],[5.426061,43.280347],[5.423318,43.279424],[5.422348,43.278871],[5.420303,43.277477],[5.420212,43.277414]]]}},{"type":"Feature","properties":{"name":"LA MILLIERE","slug":"la-milliere","arrondissement":11,"center":[5.500673,43.273743]},"geometry":{"type":"Polygon","coordinates":[[[5.493105,43.270787],[5.493309,43.271742],[5.491796,43.272661],[5.492171,43.273383],[5.491913,43.273791],[5.492201,43.274365],[5.491881,43.274627],[5.491819,43.274867],[5.491493,43.275451],[5.491136,43.275583],[5.491053,43.276447],[5.490656,43.27689],[5.490732,43.277138],[5.490387,43.27737],[5.490232,43.277998],[5.489701,43.278258],[5.489035,43.278421],[5.488367,43.278445],[5.488184,43.278685],[5.48811,43.278679],[5.487901,43.279173],[5.488299,43.279345],[5.488833,43.280229],[5.489291,43.280498],[5.489773,43.281278],[5.489809,43.281748],[5.490382,43.281903],[5.49104,43.281894],[5.492842,43.281757],[5.493363,43.281578],[5.493515,43.281587],[5.493657,43.281688],[5.493726,43.281858],[5.493653,43.282126],[5.494097,43.2824],[5.494118,43.28251],[5.493526,43.283171],[5.493093,43.283357],[5.492684,43.283319],[5.492653,43.283415],[5.49274,43.28353],[5.493004,43.283625],[5.49359,43.283614],[5.493663,43.283748],[5.496956,43.283172],[5.499384,43.283499],[5.502178,43.283564],[5.503325,43.283445],[5.50475,43.283161],[5.505336,43.283165],[5.505231,43.282906],[5.505271,43.282578],[5.505191,43.282265],[5.504806,43.281728],[5.504694,43.281348],[5.505929,43.281178],[5.505512,43.280128],[5.505205,43.278255],[5.505325,43.277316],[5.505195,43.277288],[5.505259,43.276752],[5.505776,43.275818],[5.505865,43.274514],[5.506679,43.274105],[5.506911,43.273916],[5.507213,43.273377],[5.508132,43.272769],[5.508488,43.272367],[5.508365,43.272339],[5.508356,43.271998],[5.509129,43.271524],[5.509322,43.270969],[5.510355,43.26905],[5.510938,43.26852],[5.511149,43.268376],[5.51323,43.268056],[5.514395,43.2677],[5.514769,43.267362],[5.51316,43.263324],[5.511811,43.263345],[5.511416,43.263221],[5.510841,43.263439],[5.510542,43.263415],[5.510417,43.263552],[5.509439,43.263827],[5.508404,43.263893],[5.504149,43.265748],[5.503259,43.265459],[5.502415,43.265547],[5.501931,43.265912],[5.500162,43.264858],[5.498892,43.267701],[5.498103,43.267688],[5.49614,43.268465],[5.492446,43.267324],[5.492252,43.267388],[5.491546,43.267953],[5.491726,43.268074],[5.49171,43.268296],[5.492242,43.26919],[5.492273,43.26935],[5.492368,43.269421],[5.492429,43.269668],[5.49287,43.270223],[5.493076,43.270761],[5.493105,43.270787]]]}},{"type":"Feature","properties":{"name":"LA TREILLE","slug":"la-treille","arrondissement":11,"center":[5.510515,43.315315]},"geometry":{"type":"Polygon","coordinates":[[[5.522817,43.320778],[5.5226,43.319461],[5.52207,43.318914],[5.521319,43.31774],[5.521407,43.317458],[5.521315,43.316959],[5.521222,43.316859],[5.516704,43.314191],[5.516597,43.313843],[5.516624,43.313605],[5.516764,43.313611],[5.517039,43.313846],[5.517237,43.313848],[5.517582,43.313358],[5.517881,43.31267],[5.519101,43.312284],[5.518875,43.311898],[5.518866,43.311062],[5.51895,43.310993],[5.517351,43.310376],[5.516652,43.310977],[5.515777,43.311461],[5.515176,43.311258],[5.514944,43.31139],[5.514473,43.312133],[5.514293,43.312236],[5.513956,43.312249],[5.513105,43.311814],[5.51225,43.311683],[5.512211,43.311804],[5.512027,43.311872],[5.511874,43.312081],[5.51175,43.312613],[5.511501,43.312791],[5.511178,43.312744],[5.511026,43.312583],[5.510495,43.311322],[5.5102,43.310967],[5.509812,43.310722],[5.509332,43.310608],[5.509,43.310425],[5.50894,43.310251],[5.508824,43.310228],[5.508861,43.309782],[5.508816,43.309681],[5.508684,43.309647],[5.508656,43.30945],[5.507693,43.30952],[5.507031,43.309461],[5.5054,43.309589],[5.504005,43.309331],[5.501963,43.309558],[5.501224,43.309704],[5.500744,43.30989],[5.500454,43.310111],[5.500174,43.310039],[5.499717,43.311],[5.499714,43.31232],[5.499655,43.312565],[5.497839,43.314954],[5.498355,43.315181],[5.499664,43.315136],[5.500165,43.315265],[5.500577,43.31567],[5.500875,43.316147],[5.501254,43.31643],[5.501496,43.317359],[5.501825,43.317643],[5.503216,43.317568],[5.504472,43.317765],[5.505704,43.31785],[5.50589,43.317952],[5.506352,43.31789],[5.506975,43.317934],[5.508287,43.318369],[5.508583,43.318365],[5.50849,43.318611],[5.509154,43.318837],[5.512395,43.320225],[5.512525,43.320547],[5.512534,43.321178],[5.513628,43.321865],[5.51428,43.321856],[5.515748,43.321122],[5.516266,43.321076],[5.516991,43.321225],[5.51735,43.321224],[5.517406,43.321153],[5.517943,43.321313],[5.518936,43.321013],[5.519724,43.320887],[5.521103,43.320901],[5.52171,43.321087],[5.522477,43.320941],[5.522817,43.320778]]]}},{"type":"Feature","properties":{"name":"LA VALBARELLE","slug":"la-valbarelle","arrondissement":11,"center":[5.451401,43.282048]},"geometry":{"type":"Polygon","coordinates":[[[5.461294,43.282646],[5.46114,43.282267],[5.461051,43.281378],[5.460867,43.280929],[5.460663,43.280684],[5.460152,43.280773],[5.459732,43.281086],[5.458725,43.281021],[5.457908,43.280755],[5.457611,43.280785],[5.456264,43.280363],[5.455496,43.279937],[5.45514,43.279653],[5.454988,43.279249],[5.454997,43.279079],[5.455116,43.278899],[5.455794,43.278644],[5.455927,43.278531],[5.456116,43.277628],[5.455885,43.27658],[5.455896,43.276254],[5.456016,43.276048],[5.454385,43.275934],[5.452827,43.27534],[5.452401,43.274976],[5.452301,43.2747],[5.452355,43.274348],[5.452197,43.273722],[5.45172,43.273988],[5.451124,43.274113],[5.44999,43.274749],[5.449595,43.274741],[5.448252,43.274943],[5.446589,43.275368],[5.445957,43.275728],[5.445191,43.27638],[5.444437,43.276762],[5.444417,43.277994],[5.444308,43.278483],[5.444901,43.279283],[5.443615,43.280369],[5.442216,43.281279],[5.442212,43.2814],[5.442918,43.281768],[5.443431,43.281819],[5.444534,43.282333],[5.444187,43.282977],[5.444986,43.283274],[5.444736,43.283668],[5.443913,43.283683],[5.442711,43.284135],[5.442343,43.285131],[5.442043,43.285665],[5.446549,43.287266],[5.448823,43.287691],[5.450129,43.288073],[5.452537,43.288535],[5.455569,43.28862],[5.456001,43.288226],[5.457268,43.287795],[5.458638,43.287101],[5.45864,43.286567],[5.458449,43.286187],[5.45957,43.285607],[5.46024,43.285107],[5.46043,43.285134],[5.460634,43.28494],[5.460914,43.284889],[5.461382,43.284653],[5.461498,43.284438],[5.461635,43.284409],[5.461621,43.284254],[5.461402,43.283883],[5.461403,43.283074],[5.461299,43.282711],[5.461294,43.282646]]]}}]}